problem_sha256,applied_params_hash,status,elapsed_ms,num_variables,num_bool,num_int,num_constraints,num_workers,num_conflicts,num_branches,deterministic_time
0072ac8710594a94dcd7c8c2c6823756922cac11f5c15b2e655b9b081bedf6bc,56ab92f31c63b342e524772e52db2f544c639d6e4bcc0ce661f062ed31738024,OPTIMAL,6896.45,4352,2861,1491,51623,8,3843,79884,15.5139
018944a5119d79b5bdb7d0f820725cb3e77a31d5a38971d95a209aada532a096,56ab92f31c63b342e524772e52db2f544c639d6e4bcc0ce661f062ed31738024,OPTIMAL,1619.97,2565,1783,782,28940,8,6524,31795,3.34384
024c5d8184d58d42edd90236a3922645eb1d0d94f1691afc6068b1d66a87ac5a,5df8f0e757df0723112604075d205601310374d953777709be4c1ef611f244bd,OPTIMAL,2818.52,1977,1377,600,22871,8,466,10294,1.87483
0324fb5c1ded91eeb6343304c5b7ec103f1475463de93455f7e05db48fc927e9,56ab92f31c63b342e524772e52db2f544c639d6e4bcc0ce661f062ed31738024,OPTIMAL,3153.47,4053,2932,1121,44889,8,2310,45318,6.42205
03290f094ddaee42319d3fce34ebe0773ab0c7b9178d512c34a7a674fa6df88b,fadf9341e734c7807e8d86051974b880b382afc02505113658a5a3965eda0f3c,OPTIMAL,4071.48,2199,1403,796,25969,8,10692,110220,5.38499
053c5aa97705ce165e112c926e29a13534fbff557d9b76ed1a39c7e200ca3dbe,fadf9341e734c7807e8d86051974b880b382afc02505113658a5a3965eda0f3c,OPTIMAL,1757.49,2736,1938,798,30419,8,752,13177,1.81954
064e7f90eab7005c302ae3626c590ea2ea39dbf29fbfe2e34ce291c2df2ce620,5df8f0e757df0723112604075d205601310374d953777709be4c1ef611f244bd,OPTIMAL,3432.26,2583,1793,790,30380,8,719,18056,3.00165
06fbcfd06f4072d8d6f383d95876de2effc910f204c4919171cc0133cc4c61b9,fadf9341e734c7807e8d86051974b880b382afc02505113658a5a3965eda0f3c,OPTIMAL,5832.93,3243,2301,942,36071,8,6222,47499,5.09695
072937c5444c0281a85dd5a43662dc4191d5103b014c7ff6a20acb50e48d8db2,56ab92f31c63b342e524772e52db2f544c639d6e4bcc0ce661f062ed31738024,OPTIMAL,651.086,1856,1264,592,20575,8,326,9895,0.978946
073ef8ba3455034f551b19285f0e25708263e1fbe2bbb1bbcdeb5bc650889151,56ab92f31c63b342e524772e52db2f544c639d6e4bcc0ce661f062ed31738024,OPTIMAL,1496560.0,20830,16429,4401,233100,8,531653,2141669,5148.16
07455570bdf201ce07c60133a216975122a176ca884afa8c1807cb3f4dbdf806,fadf9341e734c7807e8d86051974b880b382afc02505113658a5a3965eda0f3c,OPTIMAL,2408.23,2583,1793,790,28808,8,806,17531,1.88466
0776535f7fe277d05332ab5ee5a53406868e0bbca6f2b620ff23da961bc074a6,fadf9341e734c7807e8d86051974b880b382afc02505113658a5a3965eda0f3c,OPTIMAL,76005.7,11130,8496,2634,126364,8,21705,179333,96.2732
083beb025bc59908b1bdace2fac047f8f204cdb3fc4f947c0af0327a928abdcf,56ab92f31c63b342e524772e52db2f544c639d6e4bcc0ce661f062ed31738024,OPTIMAL,686113,17058,13335,3723,190773,8,210392,952603,1489.62
0976039f182f3d2a82c23ebc237b080434e5f24b43329696d42000dc1865231e,5df8f0e757df0723112604075d205601310374d953777709be4c1ef611f244bd,OPTIMAL,19431.4,5306,3673,1633,62598,8,18082,110936,28.5748
09b3336890b5addd1fa433349acab7d0176679c2f186defa993924904829995b,56ab92f31c63b342e524772e52db2f544c639d6e4bcc0ce661f062ed31738024,OPTIMAL,2863.91,3239,2301,938,35861,8,973,27904,5.14864
0a450b93bbd0545e214c9a793193351e259a1e32771d669a198d0fba1efb72cf,56ab92f31c63b342e524772e52db2f544c639d6e4bcc0ce661f062ed31738024,OPTIMAL,791.232,1975,1377,598,21682,8,618,9748,1.17229
0a65b64b80dcebb76c352dc449f577b4714d5ecc4a7ab1636d9e5af952bea067,fadf9341e734c7807e8d86051974b880b382afc02505113658a5a3965eda0f3c,OPTIMAL,11540.4,4117,2621,1496,49739,8,3451,61663,14.9515
0aacd1b2a9a7a61f87d99ef0728de2625def376d3645fe070371a3420c7a589a,56ab92f31c63b342e524772e52db2f544c639d6e4bcc0ce661f062ed31738024,OPTIMAL,3376.2,3920,2783,1137,44084,8,1006,39304,6.19883
0b5a5d8fe6093b3e6c45425af340542f2a3bd34542ee682b454a49b4aa67705c,fadf9341e734c7807e8d86051974b880b382afc02505113658a5a3965eda0f3c,OPTIMAL,21570,5306,3673,1633,59452,8,20491,154670,39.738
0bee8fdc0a4660e484baf6cff49eabb8f4a2c3168c967946e6db71687d0511bc,5df8f0e757df0723112604075d205601310374d953777709be4c1ef611f244bd,OPTIMAL,15283.6,5306,3673,1633,62598,8,11744,95041,21.2578
0c68f43a998e91f6c74281e46e857667f366541be2284fd71fc4c1ffd82996a5,5df8f0e757df0723112604075d205601310374d953777709be4c1ef611f244bd,OPTIMAL,3163.12,2350,1548,802,28441,8,332,15805,2.86989
0ccee639439a7f01de07d3403b825b7544b7f26135afdff0360ce08772e3dcff,56ab92f31c63b342e524772e52db2f544c639d6e4bcc0ce661f062ed31738024,OPTIMAL,3179.9,3309,2177,1132,38578,8,592,29758,5.42069
0cf8551fd210cf5de103cc4a8d940381b56720edb72d5d99de9b58aa2f2569ae,fadf9341e734c7807e8d86051974b880b382afc02505113658a5a3965eda0f3c,OPTIMAL,8478.85,5099,3604,1495,58973,8,1828,60444,8.28154
0f76b306846b01e1e74c68b600f2ba9fe1e5d46af433f651fa2f0ce318f7727f,fadf9341e734c7807e8d86051974b880b382afc02505113658a5a3965eda0f3c,OPTIMAL,1793.37,1979,1377,602,21981,8,421,9067,1.30256
0f9d15a24c955761f758c013de78aff07607ff19742191782f36b8c2fae2168d,56ab92f31c63b342e524772e52db2f544c639d6e4bcc0ce661f062ed31738024,OPTIMAL,3133.96,3220,2288,932,36135,8,5755,41690,6.06757
101813dbc2cd82c9225e1d67ae8811a9df8e03a45923d78f1d21c83cb40e3dfa,5df8f0e757df0723112604075d205601310374d953777709be4c1ef611f244bd,OPTIMAL,5920.07,4058,2932,1126,47233,8,1675,41046,5.62571
11aca2d6d83b06bda52d2422b0e2b6b838e96a546f38dc6ebc30ac2e06d5a4e9,5df8f0e757df0723112604075d205601310374d953777709be4c1ef611f244bd,OPTIMAL,3212.64,2729,1936,793,32083,8,1944,23123,3.16658
126d36a0c356addecc5d63023bcb7bc80dea30317e5aba3571793a5c61ebaf9c,fadf9341e734c7807e8d86051974b880b382afc02505113658a5a3965eda0f3c,OPTIMAL,956.451,1766,1167,599,20139,8,688,11031,0.823945
12e68b0b5089d173f44977d0bc3a9a85c4639b3691b74fce9d76d473e3231d38,56ab92f31c63b342e524772e52db2f544c639d6e4bcc0ce661f062ed31738024,OPTIMAL,4031.48,4352,2861,1491,51623,8,1735,58712,8.22221
146c661d0892f93dc45fe43d3bdf5e9dac1b905efe3b42cd4d7e009969203e29,5df8f0e757df0723112604075d205601310374d953777709be4c1ef611f244bd,OPTIMAL,8340.34,5366,3525,1841,67205,8,2182,67141,7.58171
14e56e8a3ffccdd8d7dee84a4b0c7beff6e12fcc60194b80f09f4f7d76cada03,fadf9341e734c7807e8d86051974b880b382afc02505113658a5a3965eda0f3c,OPTIMAL,11915,5310,3673,1637,59718,8,9685,111280,22.8773
14ea5ccece18b8bffb5947b963c7d0f9e5a2f1c56d1ccd70e1493be39380ba78,56ab92f31c63b342e524772e52db2f544c639d6e4bcc0ce661f062ed31738024,OPTIMAL,4358.96,4582,3316,1266,51584,8,2446,59082,8.16986
168f8a25314745f152b4c4d27441a8a1d4c98e6b6fef5fe601d482eab77bafd5,5df8f0e757df0723112604075d205601310374d953777709be4c1ef611f244bd,OPTIMAL,7334.94,5109,3610,1499,61718,8,1881,53873,7.7169
16ddfc872fb328839f72f9bd7d6d59da1d99fd679081747c6254398c487fb1dc,56ab92f31c63b342e524772e52db2f544c639d6e4bcc0ce661f062ed31738024,OPTIMAL,639.354,1670,1070,600,19247,8,264,9558,0.780845
184cec13061b02fc944b3ee3d77582c469339ff6a52e0dc4a832626fd13442fd,fadf9341e734c7807e8d86051974b880b382afc02505113658a5a3965eda0f3c,OPTIMAL,9272.03,5310,3673,1637,59718,8,7031,70527,16.1077
19248a80fe2178fd62092756a8cc72ade4d6558a05e6b272bc0f5a48812762ed,fadf9341e734c7807e8d86051974b880b382afc02505113658a5a3965eda0f3c,OPTIMAL,5989.49,5277,3652,1625,58767,8,2626,63032,8.33573
19935b04b1afdc8890b51f69ff535944eee70782e95845e9762310d6aa40eec1,56ab92f31c63b342e524772e52db2f544c639d6e4bcc0ce661f062ed31738024,OPTIMAL,579.064,1236,794,442,13884,8,305,4852,0.491991
1a1c06a66af7443f6136b4ba851fd267ab7fff909953005391a5e81fc0a57af0,56ab92f31c63b342e524772e52db2f544c639d6e4bcc0ce661f062ed31738024,OPTIMAL,1500.26,2731,1941,790,30201,8,633,15281,2.17348
1ad17a6edd2a5346387af674a30925c64333696d3516ead1e2523db8f70164f2,fadf9341e734c7807e8d86051974b880b382afc02505113658a5a3965eda0f3c,OPTIMAL,6436.84,4046,2924,1122,44899,8,1543,44055,6.42034
1b7b53e5826b74b03f9dc2164811a7f976f22d2cfe33eafa2359179b8a91b6f0,fadf9341e734c7807e8d86051974b880b382afc02505113658a5a3965eda0f3c,OPTIMAL,1075.14,1860,1264,596,20792,8,472,9986,1.00964
1bbeb46bf12047759193db1b6d07e587c7274c1c0b7623c1f146535eb7920965,fadf9341e734c7807e8d86051974b880b382afc02505113658a5a3965eda0f3c,OPTIMAL,4447.05,3226,2288,938,36510,8,2759,36801,6.49673
1bcfca2846ceffabd1af6106173e4ac515273c3cd36e3f223a7a622745a941ad,fadf9341e734c7807e8d86051974b880b382afc02505113658a5a3965eda0f3c,OPTIMAL,1852.25,2325,1530,795,26394,8,560,15937,1.41769
1c4137672b9f46074a8bea1111d80bb4049b3297d0b47be31ce79efd1df60327,5df8f0e757df0723112604075d205601310374d953777709be4c1ef611f244bd,OPTIMAL,2781.61,2325,1530,795,27378,8,430,15591,2.72813
1cbb4fb20584a2df3ff85a980e992daccf8381fb6da66657c08a35a9f6f61fe3,5df8f0e757df0723112604075d205601310374d953777709be4c1ef611f244bd,OPTIMAL,5391.62,3243,2301,942,37775,8,1172,28223,5.21599
1da421e660098ad22f7cf645e4955a7d621856372d3d89ace5722c48699b9b5d,56ab92f31c63b342e524772e52db2f544c639d6e4bcc0ce661f062ed31738024,OPTIMAL,623.536,1856,1264,592,20594,8,302,9945,0.856701
1dbf42ee67c4b55c5a86c29d821e82932d84939a718d266e518494e0ffd44caf,fadf9341e734c7807e8d86051974b880b382afc02505113658a5a3965eda0f3c,OPTIMAL,2326.58,2735,1941,794,30473,8,851,12692,1.78377
1e97b710f28cc2ce69da71bcd101dcb4bd35a9030f0a0b6d1955e36a58b0b65b,56ab92f31c63b342e524772e52db2f544c639d6e4bcc0ce661f062ed31738024,OPTIMAL,12651.7,8580,6402,2178,94129,8,9916,105448,40.5777
1f71e23e551c8ed60353acbeaeb177c66d93eba8dd1d4127d654ea0aa634ce54,56ab92f31c63b342e524772e52db2f544c639d6e4bcc0ce661f062ed31738024,OPTIMAL,7400.86,5354,3525,1829,63693,8,4016,100243,16.5819
202fbcb0eaf3a2173b0d1f86dc29d0d1f31403f91ef9ffc3b4539a004d4291d0,5df8f0e757df0723112604075d205601310374d953777709be4c1ef611f244bd,OPTIMAL,3024.07,1674,1070,604,20236,8,310,10067,2.45745
21b4ac699ad2cbd802516f108e297eae44fcaa4fa6917198659e3bf8d0f2324b,56ab92f31c63b342e524772e52db2f544c639d6e4bcc0ce661f062ed31738024,OPTIMAL,1752.13,2730,1938,792,30076,8,1102,17773,2.87432
2370931b8c81ddd151a53b0df69696c2453222fb8710bd50c12646f411267648,fadf9341e734c7807e8d86051974b880b382afc02505113658a5a3965eda0f3c,OPTIMAL,473.166,1325,878,447,14241,8,187,4573,0.369579
25142c3ac9e62f0301845be186d7838f243977b50106dcdb7b7269608537967d,fadf9341e734c7807e8d86051974b880b382afc02505113658a5a3965eda0f3c,OPTIMAL,16208.8,5366,3525,1841,64265,8,4652,95995,16.4779
256f7a0f25c2590dd389f9974a8fb93c3d0b1d4b98149a7b04e290b770a21d17,56ab92f31c63b342e524772e52db2f544c639d6e4bcc0ce661f062ed31738024,OPTIMAL,7271.21,5298,3673,1625,59077,8,12081,81515,23.7767
26f1613b2617a48822770702a0bbac8cc1c0384a271769c883357b944c5ebe8a,5df8f0e757df0723112604075d205601310374d953777709be4c1ef611f244bd,OPTIMAL,182.409,715,461,254,7651,8,0,0,0.0310824
26f53ed6235393586f5beac50e9c02ddb551c8112f394470fa9f3c1764d3c5b0,fadf9341e734c7807e8d86051974b880b382afc02505113658a5a3965eda0f3c,OPTIMAL,856786,17076,13341,3735,192805,8,218233,1168305,1441.38
27507e95cd8529c2ce7e9fcadb691f9c84506e44508d53f94b13bfaa503d7763,5df8f0e757df0723112604075d205601310374d953777709be4c1ef611f244bd,OPTIMAL,45439.7,8588,6402,2186,97536,8,23149,144434,64.4278
27a639ae4f3c7b232b758f7a4b7a8193bbdf2375bc6ad9f0ed832df3259ed18c,56ab92f31c63b342e524772e52db2f544c639d6e4bcc0ce661f062ed31738024,OPTIMAL,1373.64,1860,1266,594,20658,8,419,10594,1.17965
2915f65a6cfc4ccf2288beea5e5ebb3d1feee0493a7b8fb1b0bbe6115110f04c,56ab92f31c63b342e524772e52db2f544c639d6e4bcc0ce661f062ed31738024,OPTIMAL,10447,7837,5854,1983,85434,8,11186,96516,32.4593
2a397e2e9ffb11e6b1bdd4bd271d454a5d960113f85ee54f45618eca730a98b2,fadf9341e734c7807e8d86051974b880b382afc02505113658a5a3965eda0f3c,OPTIMAL,4173.09,3243,2301,942,36127,8,843,26130,4.73902
2a3d88962c8df3c83dccaa767c32c47d92ce214b908873271a271a052038d528,fadf9341e734c7807e8d86051974b880b382afc02505113658a5a3965eda0f3c,OPTIMAL,540.252,1316,869,447,14599,8,183,4384,0.336128
2a6fe0572eb447f61b2b572c3baf70606f1ce4104009bbe1ecf2db6e0554834a,fadf9341e734c7807e8d86051974b880b382afc02505113658a5a3965eda0f3c,OPTIMAL,5430.81,3313,2177,1136,38711,8,578,29008,4.12991
2abe830de840839cc8700da827e94f67e8231e6dbc5fdba2042dc0a5cfc022ff,56ab92f31c63b342e524772e52db2f544c639d6e4bcc0ce661f062ed31738024,OPTIMAL,1961.23,3094,2149,945,33706,8,4561,34650,2.96945
2b23fb6ce337942ebf3b5f99dddf477b2018725b28bccdc7e9a216501a3e1be8,5df8f0e757df0723112604075d205601310374d953777709be4c1ef611f244bd,OPTIMAL,89192,10404,7751,2653,121524,8,35393,255576,143.2
2b46c9bcb4db1d88bc5550d8ed871f0057565ff847c85dc046ff6685df86097d,fadf9341e734c7807e8d86051974b880b382afc02505113658a5a3965eda0f3c,OPTIMAL,6416.71,4058,2932,1126,45101,8,2508,46309,7.0559
2c03def2b6183b004d5bef89a2575278be78259c02e94ea24efac5475d14ed39,fadf9341e734c7807e8d86051974b880b382afc02505113658a5a3965eda0f3c,OPTIMAL,1809.76,2713,1924,789,30408,8,712,13423,1.76708
2c283b1f086ec33a86a8cf25694b14acb56c62c180fb239dd3813e63d7c3a137,fadf9341e734c7807e8d86051974b880b382afc02505113658a5a3965eda0f3c,OPTIMAL,1361.71,1864,1266,598,20886,8,964,13872,1.28691
2c48be2530d7932fabd485c4b3ece1fca3639c6cf6d593f0c44e0b8e56601c3b,fadf9341e734c7807e8d86051974b880b382afc02505113658a5a3965eda0f3c,OPTIMAL,47175.5,11135,8504,2631,126459,8,10043,145482,56.8539
2cf09323b6357707934b8bab13217c744b0633a6bf11f0d7b51b0961f33f9264,fadf9341e734c7807e8d86051974b880b382afc02505113658a5a3965eda0f3c,OPTIMAL,4828,3104,2156,948,35170,8,844,31973,4.86196
2cff9dca070f35f4b8632474dbe9ed80dff49bec7ad39db8f3dd1046c4d6acb4,56ab92f31c63b342e524772e52db2f544c639d6e4bcc0ce661f062ed31738024,OPTIMAL,4467.43,5073,3597,1476,57478,8,2835,59220,8.37719
2d527c24410310a430c63e56560a9f6346660fde96829775a284645f63c86f17,56ab92f31c63b342e524772e52db2f544c639d6e4bcc0ce661f062ed31738024,OPTIMAL,695.523,1860,1266,594,20658,8,517,10517,1.0021
2d8643eec9c4c62aeac7390db2bd48954a840858967aad0bbeb00b0424328b76,fadf9341e734c7807e8d86051974b880b382afc02505113658a5a3965eda0f3c,OPTIMAL,11725.9,5079,3597,1482,57732,8,3735,74766,13.7156
2e8cdd720fcb4ef0bb3bacbef8633ae847d1bca269122e5c51a98e830b9d03bf,fadf9341e734c7807e8d86051974b880b382afc02505113658a5a3965eda0f3c,OPTIMAL,3120.77,2350,1548,802,27313,8,418,15636,2.72092
2ed7c12aa205b907de5d68f8daaa7fed1802f93aaad89e247b789fffd4c42d33,fadf9341e734c7807e8d86051974b880b382afc02505113658a5a3965eda0f3c,OPTIMAL,16990.7,7843,5854,1989,85855,8,7633,97024,30.8048
2f5479c6c8eed384098dac360bc532cf1934e9f1efb2b3686c5e03c680ba178d,fadf9341e734c7807e8d86051974b880b382afc02505113658a5a3965eda0f3c,OPTIMAL,10429,5306,3673,1633,59452,8,7701,75544,16.0411
303a6733c9ec03beaf7942544bf89ce2ecba38c65ae2e6a93e248b36e6b7fc2a,fadf9341e734c7807e8d86051974b880b382afc02505113658a5a3965eda0f3c,OPTIMAL,3530.81,1850,1257,593,20766,8,379,11971,1.76994
31ef7d4aea2e6b1e902710d43ae9fc51e98680924221e5c4362ef1ef4651eaa3,56ab92f31c63b342e524772e52db2f544c639d6e4bcc0ce661f062ed31738024,OPTIMAL,3386.23,4049,2930,1119,45238,8,4770,51971,7.21038
321b859ee1b2e3f9874968cf86a89765dcc94f1daa4f4081f8ad231b50911dd7,56ab92f31c63b342e524772e52db2f544c639d6e4bcc0ce661f062ed31738024,OPTIMAL,3472.19,3520,2381,1139,40984,8,3904,96041,7.69355
327885af89164e64baa11fb9e8e4b9af8e7ab53c427d41ad23c216f3877453d6,5df8f0e757df0723112604075d205601310374d953777709be4c1ef611f244bd,OPTIMAL,694.654,1325,878,447,14805,8,212,4812,0.646128
3368a03f50cb20d1ca1ec5365507aa3096295da9a97f1688543cb9200aa911c0,fadf9341e734c7807e8d86051974b880b382afc02505113658a5a3965eda0f3c,OPTIMAL,14676,8588,6402,2186,94632,8,6765,85872,24.7064
33aca880c9efd51e3b11c9b865a5d96e10f7bf573ab2b76d1f56c929dad9b12b,fadf9341e734c7807e8d86051974b880b382afc02505113658a5a3965eda0f3c,OPTIMAL,13176.2,5079,3597,1482,57732,8,6925,81417,15.7646
34d64d3b3f09c059453e8a7eb2aa2d691cce300d5dbc94e1dd4bae24698c6a06,56ab92f31c63b342e524772e52db2f544c639d6e4bcc0ce661f062ed31738024,OPTIMAL,715.521,1762,1167,595,19934,8,256,10329,0.84016
36c5b829921f254af40d517a9f1455da914471d2a17d7e9286d869735e1f7646,56ab92f31c63b342e524772e52db2f544c639d6e4bcc0ce661f062ed31738024,OPTIMAL,3964.82,5073,3597,1476,57478,8,2828,58028,8.34405
3707720aa7119866f34152927dba916a89b9b4980bc74daf4a4ce04c7c83a74e,5df8f0e757df0723112604075d205601310374d953777709be4c1ef611f244bd,OPTIMAL,23136.9,7843,5854,1989,88415,8,10910,107959,29.2903
379dc9168e43d8e9d0b62890fa2e276bb4107c588e6360ee40d3c7cdfb1de6f1,fadf9341e734c7807e8d86051974b880b382afc02505113658a5a3965eda0f3c,OPTIMAL,6175.92,5114,3610,1504,58789,8,1634,41974,7.64516
37f84b16de74e01a63c4bdcf999c82d18ebf6d0e03406bd9ee65adb21ae54b71,fadf9341e734c7807e8d86051974b880b382afc02505113658a5a3965eda0f3c,OPTIMAL,2603.74,2734,1941,793,30392,8,675,16106,1.93163
38b4c712ec417b25f8c1fd58752402dfff72d8f346edac6d35c10d02d216bcd4,fadf9341e734c7807e8d86051974b880b382afc02505113658a5a3965eda0f3c,OPTIMAL,3772.51,3104,2156,948,35226,8,751,29001,3.78127
38e83ff258692eadb3c637027ef94f7c4f1ff1790c584444cba3c4f450281b9d,5df8f0e757df0723112604075d205601310374d953777709be4c1ef611f244bd,OPTIMAL,52982,11127,8496,2631,135485,8,12391,168556,65.4763
3921ba5449869b9fca2c8b7808e99e3816492dbfbe55f3956019cbea156ed88d,fadf9341e734c7807e8d86051974b880b382afc02505113658a5a3965eda0f3c,OPTIMAL,6438.96,5112,3610,1502,58744,8,4341,60532,8.15447
395b9abdb72014e256f558ea722b7df71fedf88a40e4bf0f70b34ed75d3e7ce1,56ab92f31c63b342e524772e52db2f544c639d6e4bcc0ce661f062ed31738024,OPTIMAL,1394.5,2707,1924,783,30064,8,788,15786,2.14286
39ad61e32e7f3ecfed4123371232df4c15298efd0c20d9d3dd956c69d772db27,56ab92f31c63b342e524772e52db2f544c639d6e4bcc0ce661f062ed31738024,OPTIMAL,3002.76,3239,2301,938,35861,8,973,27904,5.14887
3b522f278d5967449cb3fc8dcdcf198cc3ecd7bd5f5c03cec433b4bb332433c0,56ab92f31c63b342e524772e52db2f544c639d6e4bcc0ce661f062ed31738024,OPTIMAL,2334.59,3235,2300,935,36199,8,1276,30370,4.11721
3cbde998e188f4dfded4b435da864ce8b877c66367a6160132a29208b67f19e3,fadf9341e734c7807e8d86051974b880b382afc02505113658a5a3965eda0f3c,OPTIMAL,8571.61,5109,3610,1499,58459,8,3506,52995,8.33814
3cf489848cf21fe1a27e0cdecd87845ba3e67495375dc33d4fc861f33c6039f6,56ab92f31c63b342e524772e52db2f544c639d6e4bcc0ce661f062ed31738024,OPTIMAL,273.786,1236,794,442,13896,8,109,4450,0.275355
3d58d5670d05e6b5f03761602fe37e31f464f8e740d8b5d658f543f2e56ca9ce,5df8f0e757df0723112604075d205601310374d953777709be4c1ef611f244bd,OPTIMAL,6812.85,4589,3316,1273,54218,8,2229,58285,7.44364
3e2b36379a2919afebb3b79a5e34bd8fd946fbc28059edd6a832ad467f412fc3,56ab92f31c63b342e524772e52db2f544c639d6e4bcc0ce661f062ed31738024,OPTIMAL,626.761,1856,1264,592,20575,8,326,9895,0.978811
3e69d6f5b7856ea1d07e24a00ad14594b6ba146d0685bdb57e54a8483065b9d0,56ab92f31c63b342e524772e52db2f544c639d6e4bcc0ce661f062ed31738024,OPTIMAL,1384.5,2565,1783,782,28938,8,955,19368,2.31893
3edc7a438782c8c667a53e1e8de98b1335e55876bdc718a1196ba66d8824b9f5,56ab92f31c63b342e524772e52db2f544c639d6e4bcc0ce661f062ed31738024,OPTIMAL,2204.94,2322,1531,791,26774,8,4661,23327,3.42086
3f9aacb091d6566f953a6f7bc9c46073305546a98e45d4e798ad1c3b2bafdff4,fadf9341e734c7807e8d86051974b880b382afc02505113658a5a3965eda0f3c,OPTIMAL,7769.88,4806,3325,1481,56210,8,1852,61786,8.39234
3f9eb14b64530ab041bc300966e5f7fa1a44b578d0360f41468139f57fb9b6d8,5df8f0e757df0723112604075d205601310374d953777709be4c1ef611f244bd,OPTIMAL,701.966,1316,869,447,15389,8,0,0,0.141513
40d5a4d59eb7467a69cb957e595b84c37998dd03e00f071ad1063e219053a924,56ab92f31c63b342e524772e52db2f544c639d6e4bcc0ce661f062ed31738024,OPTIMAL,3245.66,4040,2924,1116,44649,8,1366,41353,6.65273
4248a692d844a140c65947d9334b1b07f2b57b9d6ca9bbefd3d11a7bc76d1ef4,56ab92f31c63b342e524772e52db2f544c639d6e4bcc0ce661f062ed31738024,OPTIMAL,2662.56,2322,1531,791,26774,8,362,13873,2.77881
42af128a10b50d2ba614168ff1e913357115bba1cd35e3a7e93b5bebc8ba2456,fadf9341e734c7807e8d86051974b880b382afc02505113658a5a3965eda0f3c,OPTIMAL,7075.59,4054,2930,1124,45469,8,3684,73635,7.57263
435a351b429715b8e1cd5932672f1f7a52fd843f3599ce90c7127f27a5906ab1,56ab92f31c63b342e524772e52db2f544c639d6e4bcc0ce661f062ed31738024,OPTIMAL,3472.88,3488,2362,1126,40581,8,1390,41486,7.61202
458c6b0e91f3e132ee1877e7eaa1d6e887bfe937db034ec7c79e5c13067e57a0,fadf9341e734c7807e8d86051974b880b382afc02505113658a5a3965eda0f3c,INFEASIBLE,71202.6,20862,16429,4433,236709,8,9602,121165,66.0884
45b13b7a52849e075a4815eff8fce183160b2507b29f5f44276bd5b283cce180,56ab92f31c63b342e524772e52db2f544c639d6e4bcc0ce661f062ed31738024,OPTIMAL,1761.78,2579,1793,786,28601,8,826,18196,2.0476
46c0155e6d81759ee93e16aa244b6dbf0a7349c44a245165b83dfd4ef442ff9c,56ab92f31c63b342e524772e52db2f544c639d6e4bcc0ce661f062ed31738024,OPTIMAL,32597.8,11114,8496,2618,124184,8,15039,170009,88.9703
471adab20a3091cc680bb5711324febc0100c3a3ef98bc2c30d1f5812cff17ce,5df8f0e757df0723112604075d205601310374d953777709be4c1ef611f244bd,OPTIMAL,3311.66,1863,1266,597,21835,8,303,10282,2.27321
47888d1b56a42fa20c5c9457a9527199b1d09ec2b5528820a793234e19f5328e,56ab92f31c63b342e524772e52db2f544c639d6e4bcc0ce661f062ed31738024,OPTIMAL,3264.07,4040,2924,1116,44637,8,1980,44483,6.892
484ac3f3201370073c6a5c037e22b9f57078489440e357c56a6d9520b4c08955,56ab92f31c63b342e524772e52db2f544c639d6e4bcc0ce661f062ed31738024,OPTIMAL,1380120.0,20844,16436,4408,233557,8,498838,1688437,4132.21
496c320b8ef688332fdb62ad282e05824ed7c6897f1e1782de65658d4f17aa51,56ab92f31c63b342e524772e52db2f544c639d6e4bcc0ce661f062ed31738024,OPTIMAL,3964.92,5104,3610,1494,58090,8,2044,54259,8.29502
49e2fc3d508cdb66bff21c054a927b03b334d0a849540dffb80c05d3fb77e18b,fadf9341e734c7807e8d86051974b880b382afc02505113658a5a3965eda0f3c,OPTIMAL,4810.32,3526,2381,1145,41425,8,1252,42558,7.70899
49f5aba306220ddb56df3e237238e80ae4455ad2d41ef43856f5175dd6de48fa,fadf9341e734c7807e8d86051974b880b382afc02505113658a5a3965eda0f3c,OPTIMAL,8176.08,4589,3316,1273,51858,8,2546,59699,8.33407
4a009d145752df05b177c81952c03a84a9ddae56fd662e856e212d32cd60dcee,fadf9341e734c7807e8d86051974b880b382afc02505113658a5a3965eda0f3c,OPTIMAL,445.985,1317,869,448,14660,8,107,3158,0.297181
4b5c183b293875eb4e0b73aabd4581cbd17ba882b436d0dd49299632ccbbc661,56ab92f31c63b342e524772e52db2f544c639d6e4bcc0ce661f062ed31738024,OPTIMAL,4210.68,4107,2621,1486,49290,8,3008,60246,8.15272
4bec91f2bc8464588c77cbc76d4f59803f890548d8fc74c8a3346ff20c5dab37,fadf9341e734c7807e8d86051974b880b382afc02505113658a5a3965eda0f3c,OPTIMAL,2137.43,2571,1783,788,29248,8,904,18832,2.15797
4c230e355482c3652bd60bf83cf4ad77382cdb0b9abe08c27007683545e8f071,56ab92f31c63b342e524772e52db2f544c639d6e4bcc0ce661f062ed31738024,OPTIMAL,3021.82,3722,2581,1141,42727,8,2499,49481,6.34042
4d103dff0316dc6ba3d27838f49dd311510147101f6f497b97412b98eec9dae5,5df8f0e757df0723112604075d205601310374d953777709be4c1ef611f244bd,OPTIMAL,5044,2326,1531,795,28202,8,795,16032,4.34903
4d5a013b0cfc8432770fee3b3594f7a67323a3f280da178bb34e7332743f96a2,fadf9341e734c7807e8d86051974b880b382afc02505113658a5a3965eda0f3c,OPTIMAL,4414.12,2326,1531,795,26958,8,364,13035,3.54087
4dc032eadf8f2c84d493c917a5356a18eb9633a34763a134563923b85548d7ba,fadf9341e734c7807e8d86051974b880b382afc02505113658a5a3965eda0f3c,OPTIMAL,3844.03,2330,1531,799,27198,8,495,12992,2.81166
4e4bc1ad622d2addafb58df0886f20fabf9c872e18cba83057410255a6e2f356,56ab92f31c63b342e524772e52db2f544c639d6e4bcc0ce661f062ed31738024,OPTIMAL,3107.88,3220,2288,932,36135,8,1375,31948,5.32494
4e6c3b06b6ba4421cdf19aa4425c5ba46ca6421a9b95557cbfcf7c23f95673c8,56ab92f31c63b342e524772e52db2f544c639d6e4bcc0ce661f062ed31738024,OPTIMAL,14327.9,8580,6402,2178,94141,8,11425,111123,46.945
4e8c7686d89bded81fddef4fc8ea2e0b4ad22cb6b922a354bdaa316218669561,56ab92f31c63b342e524772e52db2f544c639d6e4bcc0ce661f062ed31738024,OPTIMAL,305.266,1313,869,444,14481,8,111,3720,0.3288
505e49204f509b76db5e8fa0ecb2bc04befc0982ac388ed84d9f004e9d08a70a,fadf9341e734c7807e8d86051974b880b382afc02505113658a5a3965eda0f3c,OPTIMAL,5857.53,5114,3610,1504,58789,8,1724,50485,8.03885
5085cb22f613e8a3f67099037e603983140390c5fcb8244df5383b667978713f,56ab92f31c63b342e524772e52db2f544c639d6e4bcc0ce661f062ed31738024,OPTIMAL,3216.8,3920,2783,1137,44096,8,1153,40430,6.91569
5128497ce49b3c14f96b33bfecec456cd44208259435d5457c8c779c7f382bcb,56ab92f31c63b342e524772e52db2f544c639d6e4bcc0ce661f062ed31738024,OPTIMAL,1799.35,2726,1936,790,30292,8,699,15185,2.55558
5216fc2158f95b1730c1fd3689b0b5a0d9415f13f1dee52b6266266215e21ed9,56ab92f31c63b342e524772e52db2f544c639d6e4bcc0ce661f062ed31738024,OPTIMAL,9137.48,7837,5854,1983,85434,8,5533,109722,24.3041
5228181749e5d9e41dbf585a386a3b46df5239edc6c9e853f3c4bfba86708de8,56ab92f31c63b342e524772e52db2f544c639d6e4bcc0ce661f062ed31738024,OPTIMAL,4951.53,5094,3604,1490,58639,8,2474,50561,8.24999
5248aba6397b3d34d16c24463aa8e1a7a3591f670a094a30becd777ecf915a9a,fadf9341e734c7807e8d86051974b880b382afc02505113658a5a3965eda0f3c,OPTIMAL,2600.23,2729,1936,793,30473,8,686,15497,2.07778
53f9fe6243b44776260bb4960e2aab00cd17c495f0d955d618c7a7ded01a48ab,56ab92f31c63b342e524772e52db2f544c639d6e4bcc0ce661f062ed31738024,OPTIMAL,4129.05,5104,3610,1494,58096,8,1937,57423,8.30293
548bd4883b8031f78a5996556af64afcade4691492c8df8ed78f8df468cc652f,fadf9341e734c7807e8d86051974b880b382afc02505113658a5a3965eda0f3c,OPTIMAL,3091.2,3098,2149,949,33949,8,1072,27025,2.68433
55194630a32dfef1e51e9adc4cd97e19a58f98d99e9d0668428a70b57f0539e5,56ab92f31c63b342e524772e52db2f544c639d6e4bcc0ce661f062ed31738024,OPTIMAL,4354.72,4053,2932,1121,44877,8,4442,51709,7.15852
55dbffbe3c3057d4a4cebcd6be12812ec51a731ee21cade11d5bdc09035f083b,5df8f0e757df0723112604075d205601310374d953777709be4c1ef611f244bd,OPTIMAL,5903.16,3158,2012,1146,39594,8,532,30142,6.48306
561e359c0dfd474aef398b08edbcaa429b63f38953cd73fb76d42e34595d7066,5df8f0e757df0723112604075d205601310374d953777709be4c1ef611f244bd,OPTIMAL,11165.7,5099,3604,1495,61857,8,3701,72784,13.4906
5651d412c1f0510a7ff1b43da9e22935ec2c616c7ad6d2f15b7d8cb00930480c,5df8f0e757df0723112604075d205601310374d953777709be4c1ef611f244bd,OPTIMAL,4481100.0,20867,16436,4431,246453,8,891686,3512483,7757.25
568cb19ecec5f12612462493e54e7af582f6b43606359e934281a90751fda3c7,fadf9341e734c7807e8d86051974b880b382afc02505113658a5a3965eda0f3c,OPTIMAL,969.978,1739,1149,590,19373,8,248,7114,0.652094
57b21c3f6c8f3ceb646f5ce6950949114d86bc1a225d6db5437e6f654821a6c6,56ab92f31c63b342e524772e52db2f544c639d6e4bcc0ce661f062ed31738024,OPTIMAL,4231.64,5273,3652,1621,58497,8,2224,71568,7.95616
57b759f315f04cd49b38987b95a953459c7c29e4f53de8dd7a16f65c5057c92b,5df8f0e757df0723112604075d205601310374d953777709be4c1ef611f244bd,OPTIMAL,3337.57,2711,1924,787,31874,8,801,17137,3.11203
58d58a76371ef7762bf96386ce5d2677d1bfc7d7df745d40f4a02bd30006662d,5df8f0e757df0723112604075d205601310374d953777709be4c1ef611f244bd,OPTIMAL,12685.6,5076,3230,1846,64588,8,2679,103365,14.722
597355ebc6ef3cf4559ca40bef67472ce681fc7773899b3e6d151cf06282e67c,56ab92f31c63b342e524772e52db2f544c639d6e4bcc0ce661f062ed31738024,OPTIMAL,1079.47,2323,1530,793,26307,8,1269,28923,1.56722
5976726485c23db055e872eabd8a172c73609854b8c228b47ccf42422bf7c8b5,56ab92f31c63b342e524772e52db2f544c639d6e4bcc0ce661f062ed31738024,OPTIMAL,105.102,713,461,252,7361,8,557,4453,0.0895648
5978abbd9b38469692be7af1f78c5fd15d0736c6192c38ba083c6ca4778659a5,56ab92f31c63b342e524772e52db2f544c639d6e4bcc0ce661f062ed31738024,OPTIMAL,3841.35,5094,3604,1490,58639,8,1311,55094,8.26568
5b643f5787956a7cc645eb43384ea0fa8631a71c3d429bc8da67e2d26fd720a1,fadf9341e734c7807e8d86051974b880b382afc02505113658a5a3965eda0f3c,OPTIMAL,1158.32,1859,1264,595,20738,8,353,9988,0.909669
5b7f113c4c253c96360a1b1a8d0556ac77d08c5de1df11b21ae6c21fd7a5b10e,56ab92f31c63b342e524772e52db2f544c639d6e4bcc0ce661f062ed31738024,OPTIMAL,10133.3,5064,3230,1834,61076,8,4204,96355,23.0398
5b8c61f99d31fed9077ef475613e5be6648f55f2a47bcc92c0e5d0e3b41ecb94,fadf9341e734c7807e8d86051974b880b382afc02505113658a5a3965eda0f3c,OPTIMAL,19871.1,7843,5854,1989,85727,8,11530,108844,32.3834
5c113822cd66b2d552f8963bfb44ea77942c0912a9d61f00e742058e73472939,fadf9341e734c7807e8d86051974b880b382afc02505113658a5a3965eda0f3c,OPTIMAL,6474.67,4812,3325,1487,56624,8,1458,52985,8.2366
5c6b8b896ddf71d458fd0af11ccecaa00e0217f98d21c0ac6fc53e49742d5003,5df8f0e757df0723112604075d205601310374d953777709be4c1ef611f244bd,OPTIMAL,7406.27,4358,2861,1497,54463,8,3399,58637,7.80385
5c7fbb637ba552db26f14b8bc9914ed528a7f81c6cf0d066f175b9c8709a9310,56ab92f31c63b342e524772e52db2f544c639d6e4bcc0ce661f062ed31738024,OPTIMAL,670.551,1670,1070,600,19247,8,264,9558,0.780983
5d27c27284a1efabd0e614c927db18ff7ba60ac4c6d120867ae49804606d33f6,fadf9341e734c7807e8d86051974b880b382afc02505113658a5a3965eda0f3c,OPTIMAL,4029.71,2350,1548,802,27265,8,422,16484,2.60462
5d3e7651fac0ff61e2af85a19b94e89acbc3264678e3d7ccf3b767afdd415a1a,56ab92f31c63b342e524772e52db2f544c639d6e4bcc0ce661f062ed31738024,OPTIMAL,3438.95,3722,2581,1141,42739,8,1428,46037,7.29287
5e03f49283bdafdd3a0f637bf19dde9b77735fd8f4a0e8cd4e8af9e3bb006e4a,fadf9341e734c7807e8d86051974b880b382afc02505113658a5a3965eda0f3c,OPTIMAL,6061.9,3158,2012,1146,37830,8,6561,61517,7.28667
5e7e1a665985eea7a66215f3b479b1c945f9562025c4281a9ba00f455c187e46,fadf9341e734c7807e8d86051974b880b382afc02505113658a5a3965eda0f3c,OPTIMAL,32885.9,5076,3230,1846,61648,8,9305,123328,32.1626
5f84583fd6d8cd9e732ba4f0c0922ce8935d1ef2820ebbd9fe01a87ec3121746,fadf9341e734c7807e8d86051974b880b382afc02505113658a5a3965eda0f3c,OPTIMAL,6436.58,1979,1377,602,21981,8,436,9745,1.9513
5fd76f37541dc792dccaecc2dc74a06253b8fe3ab9cd70a8026fb24aa6fa4fef,5df8f0e757df0723112604075d205601310374d953777709be4c1ef611f244bd,OPTIMAL,3508.55,3098,2149,949,35981,8,857,24069,3.39139
6048b517bbdeda0a3da0f391f05dfddeeab6a848e1c620d1e152821537c8d307,56ab92f31c63b342e524772e52db2f544c639d6e4bcc0ce661f062ed31738024,OPTIMAL,4085.09,3722,2581,1141,42739,8,5788,70467,7.30942
612b13f52e47be29ba0bc3a2be5c4e042a513765e87fb0b8676d152f8a8409f5,56ab92f31c63b342e524772e52db2f544c639d6e4bcc0ce661f062ed31738024,OPTIMAL,3910.15,4053,2932,1121,44889,8,1334,41508,6.01053
62835d0eb69fc765c6c7a3e9536c90861584976cf492d552c8207ee2c9893abc,5df8f0e757df0723112604075d205601310374d953777709be4c1ef611f244bd,OPTIMAL,11005.1,5081,3592,1489,61665,8,2742,65991,14.2197
62c6e2f566388ddc13097f1369c9ad4569c1b4f54f888066e8ab2bfe96d3a0b4,56ab92f31c63b342e524772e52db2f544c639d6e4bcc0ce661f062ed31738024,OPTIMAL,4069.74,5273,3652,1621,58497,8,2224,71568,7.95576
638dcb77f7553a70d99b39378c3be82213f350c928231057239ca5680b6fd284,fadf9341e734c7807e8d86051974b880b382afc02505113658a5a3965eda0f3c,OPTIMAL,518.256,1316,869,447,14603,8,222,4388,0.312387
6396211e6842d6969cce80194013fff987eb3e308c435eccd942b5007dec4639,5df8f0e757df0723112604075d205601310374d953777709be4c1ef611f244bd,OPTIMAL,3194.54,2733,1938,795,31882,8,601,16127,2.75747
63f1e1c6c7452e11af1db799f7a380dabc9c9b6edb7083f59d57c4952dfdb16d,5df8f0e757df0723112604075d205601310374d953777709be4c1ef611f244bd,OPTIMAL,2893.75,1863,1266,597,21835,8,382,10557,2.23047
643f0a85b4d3d3c13ef9cfbbbc20b1dc8f9d837a181ad2ebb84c6823e91829b5,fadf9341e734c7807e8d86051974b880b382afc02505113658a5a3965eda0f3c,OPTIMAL,6785.44,3727,2581,1146,43015,8,1010,38777,6.0984
64e85d066f667ad5185c60b610746320099aafce4e68f71ded08c02a10c15ec2,5df8f0e757df0723112604075d205601310374d953777709be4c1ef611f244bd,OPTIMAL,5707370.0,20867,16436,4431,246453,8,1489558,5574793,10405.8
64f19a6620a3451dd37087293c226c20f9ba01beb928e880795025bc17642ade,5df8f0e757df0723112604075d205601310374d953777709be4c1ef611f244bd,OPTIMAL,1575.51,1739,1149,590,20421,8,260,7247,1.11017
664907ffb2bdbd0cb7b5fb4c3b2c5d9c700b96a8267691ee4330a5dd2f370ead,fadf9341e734c7807e8d86051974b880b382afc02505113658a5a3965eda0f3c,OPTIMAL,60117.3,10407,7751,2656,117505,8,29456,160280,136.939
66754667bf567d1f18152078c6781cbd453cccac416c9d06db5087e6a10c51f0,56ab92f31c63b342e524772e52db2f544c639d6e4bcc0ce661f062ed31738024,OPTIMAL,3208.92,3100,2156,944,35023,8,839,29713,4.43972
674b484eb726690bc9d4878cb217bc6b22f30eac4f8d512be6e2713a303545dd,56ab92f31c63b342e524772e52db2f544c639d6e4bcc0ce661f062ed31738024,OPTIMAL,3104.21,3220,2288,932,36135,8,5755,41690,6.06734
67bbbc9a42158b6dfe51a3f52021cdb80ae1535eeeca21150ce10283948d9710,56ab92f31c63b342e524772e52db2f544c639d6e4bcc0ce661f062ed31738024,OPTIMAL,112.046,713,461,252,7361,8,557,4453,0.0896132
67c6242c56a30b0610b4b4df8c9e802609c922c84515ddb24daa8a265ed05798,fadf9341e734c7807e8d86051974b880b382afc02505113658a5a3965eda0f3c,OPTIMAL,1796.49,2713,1924,789,30412,8,624,12812,1.73543
67f5fac68782f2951e196e4ae8273a46728b821ae433617aaf6d3242d36d5657,5df8f0e757df0723112604075d205601310374d953777709be4c1ef611f244bd,OPTIMAL,737.151,1240,794,446,14600,8,0,0,0.216815
683f174a879de4bb230fe99336ee2df4ccb16d43051717a616a6bd5bfbdabfa5,56ab92f31c63b342e524772e52db2f544c639d6e4bcc0ce661f062ed31738024,OPTIMAL,6172.22,5073,3597,1476,57490,8,2870,62515,14.731
6875434ae774ccafedbb3e729b922aa0025634c80f76d4fb5549f4901c57e8a3,fadf9341e734c7807e8d86051974b880b382afc02505113658a5a3965eda0f3c,OPTIMAL,2019.3,1864,1266,598,20886,8,646,10998,1.23111
68df20b101dafbea7130c31d0faaf60971ddd458e7cfcd8f30bec787b4203df7,fadf9341e734c7807e8d86051974b880b382afc02505113658a5a3965eda0f3c,OPTIMAL,5416.5,4091,2956,1135,45445,8,4557,49531,6.7395
69355a5e8d4028c466ba29d38fe021eba053515808a48e2f4895a50a0941a160,fadf9341e734c7807e8d86051974b880b382afc02505113658a5a3965eda0f3c,OPTIMAL,1065.54,1860,1264,596,20822,8,365,9195,0.956687
6ab3700646ed23d7b144c448e625ed94598db5806f3daf3cfe7a2a242cece1db,5df8f0e757df0723112604075d205601310374d953777709be4c1ef611f244bd,OPTIMAL,7410.33,4806,3325,1481,58766,8,1826,58107,7.78839
6c64b95d90a6caf1573da836e471273a2845a145a3ce07ccc4124cf7654bc226,fadf9341e734c7807e8d86051974b880b382afc02505113658a5a3965eda0f3c,OPTIMAL,1883.75,2736,1938,798,30419,8,782,13357,2.07542
6c7a1a5ce29490757a4fd01319c3af2f090f1488a9bd158edeb09a45ef95d8e0,fadf9341e734c7807e8d86051974b880b382afc02505113658a5a3965eda0f3c,OPTIMAL,6126.11,3226,2288,938,36510,8,1106,29478,6.1997
6e1f2b89cfa03bff27e2308fb05c8a9e68e05dad0397cf805d949b6cf09e3064,56ab92f31c63b342e524772e52db2f544c639d6e4bcc0ce661f062ed31738024,OPTIMAL,324.559,1313,869,444,14485,8,373,4195,0.359571
6e2d9a811b1dbbdf1d92a811e3fb65e4ec1a840585342b877f45d7842ec8f114,56ab92f31c63b342e524772e52db2f544c639d6e4bcc0ce661f062ed31738024,OPTIMAL,1411.02,2730,1938,792,30064,8,619,15735,2.30004
6ecbb5bc3a035ad7b51348fac58112aa35296e0e6ae9405119a1296fb9384045,56ab92f31c63b342e524772e52db2f544c639d6e4bcc0ce661f062ed31738024,OPTIMAL,5580.53,5075,3592,1483,58433,8,3493,67375,15.4415
6f3adead4b151af69acd980b16f5bd8e2ed0f0ae28c615f1c210a8e853827df5,5df8f0e757df0723112604075d205601310374d953777709be4c1ef611f244bd,OPTIMAL,6042,4046,2924,1122,47161,8,1848,42404,6.50539
6f71d8acff2f8d22f7622dd943331d53409bc982b8d281f34259c40b915c9730,fadf9341e734c7807e8d86051974b880b382afc02505113658a5a3965eda0f3c,OPTIMAL,3936.7,2330,1531,799,27198,8,483,13168,3.35132
70b8dcc665126c1a6341f0c4e577dbcaefdab47475e576a7d72888677072a109,5df8f0e757df0723112604075d205601310374d953777709be4c1ef611f244bd,OPTIMAL,3846.75,3098,2149,949,35981,8,1124,35050,3.48767
7134b69950a5e555fc3439bf93781e0a9a7d79f30137214b96cf3956fb2324e6,56ab92f31c63b342e524772e52db2f544c639d6e4bcc0ce661f062ed31738024,OPTIMAL,3668.23,3150,2012,1138,37492,8,2201,73048,6.85616
71b18e5d4bd0b04f2c9fed4d07a1cb5c359ffd3fd7034036cedb8b182b135075,56ab92f31c63b342e524772e52db2f544c639d6e4bcc0ce661f062ed31738024,OPTIMAL,1074.74,2323,1530,793,26295,8,341,14652,1.45079
7228b93c395db27bb2e8fc8976b27e1025c87d6f7c6463ca60078bae327b213e,5df8f0e757df0723112604075d205601310374d953777709be4c1ef611f244bd,OPTIMAL,4758.69,2781,1832,949,33969,8,1937,30801,4.63674
728ea222fda0214f17e45d17dd9e9974b21d6bde8c9e88a6ac25d25a46de74cf,56ab92f31c63b342e524772e52db2f544c639d6e4bcc0ce661f062ed31738024,OPTIMAL,12843.4,5354,3525,1829,63705,8,9041,126376,31.9076
72f2ec3d785c0a14f4295abb781aa2a7f7b023e0c82639e8bda7e1b6fb1e5bbe,56ab92f31c63b342e524772e52db2f544c639d6e4bcc0ce661f062ed31738024,OPTIMAL,5357.91,5104,3610,1494,58108,8,1981,54661,8.33971
733d7abf574a3c54ca8522ba92c9d0de317b2ca06e621e45dec6c2673a3bd083,fadf9341e734c7807e8d86051974b880b382afc02505113658a5a3965eda0f3c,OPTIMAL,1401.03,1674,1070,604,19452,8,283,8914,1.00189
734ea7701ae361fbdb717ea3a6e7793574906a8fc6ef1353f0754dc99f858cd3,fadf9341e734c7807e8d86051974b880b382afc02505113658a5a3965eda0f3c,OPTIMAL,2078.5,3100,2149,951,34071,8,567,13553,1.50231
744c046e89479d1befb90b75f08b4a15b2b687a779750b598a1e3f7572ddf98e,56ab92f31c63b342e524772e52db2f544c639d6e4bcc0ce661f062ed31738024,OPTIMAL,3569.97,4087,2956,1131,45114,8,4115,60998,6.88747
757c9e1a076dc69239f063376288a84a499a2aabb892ed69d39fd637a7f0bd5d,fadf9341e734c7807e8d86051974b880b382afc02505113658a5a3965eda0f3c,OPTIMAL,9298.88,5109,3610,1499,58438,8,1320,43497,8.21765
75ef625090c4c170b36923586cc4ba39c91471211bc12b328b231f06239be71c,fadf9341e734c7807e8d86051974b880b382afc02505113658a5a3965eda0f3c,OPTIMAL,3310.99,3375,2442,933,37535,8,1284,21599,3.05343
76cda9dfd7936f002acb90d01c9ad5dd792fd17e5ccd3ca0f49a2fcc9f510244,56ab92f31c63b342e524772e52db2f544c639d6e4bcc0ce661f062ed31738024,OPTIMAL,3072.18,2193,1403,790,25682,8,299,14001,5.90394
78ef90514e8df4b0ad1b8b639c5cba31dc1d71011570850c043b79da490b6f35,fadf9341e734c7807e8d86051974b880b382afc02505113658a5a3965eda0f3c,OPTIMAL,5812.56,5087,3592,1495,59195,8,2816,52241,8.45404
78efbf308c9f28e54d3cad8847352b9a8b3abd79a7017e40247b96b73692c5a3,fadf9341e734c7807e8d86051974b880b382afc02505113658a5a3965eda0f3c,OPTIMAL,12361.7,4820,3334,1486,56476,8,8813,120664,14.9513
7935760e9618796c7f423ed3035ff53456b7cda07a348ee8060af5cd0aeb85f4,fadf9341e734c7807e8d86051974b880b382afc02505113658a5a3965eda0f3c,OPTIMAL,14663.3,7843,5854,1989,85855,8,6845,87740,24.6145
79b2a8894050b4767afa5d2ef42656d32485579057f443bc7e5d85c4597ef3d9,56ab92f31c63b342e524772e52db2f544c639d6e4bcc0ce661f062ed31738024,OPTIMAL,3276.46,3100,2156,944,35023,8,709,29850,5.10741
7a78d4951c1a8b67cebf1dd62ec358ef792f9fd6000319b75cda30b8a24775e6,5df8f0e757df0723112604075d205601310374d953777709be4c1ef611f244bd,OPTIMAL,3195.98,2569,1783,786,30546,8,542,18144,3.25983
7a95410b6970cc899b5df0fc6c9c83cdd9b96f7cf8d34d6dd8c6220dd5457be4,56ab92f31c63b342e524772e52db2f544c639d6e4bcc0ce661f062ed31738024,OPTIMAL,1216.52,2726,1936,790,30288,8,808,15391,2.11419
7b4c2358a5ad5bc41a3c0dcd67791b76b50cf252d8ee23e3290bf043f327ffb2,56ab92f31c63b342e524772e52db2f544c639d6e4bcc0ce661f062ed31738024,OPTIMAL,3598.47,3488,2362,1126,40569,8,1142,39320,7.16565
7b4e94bce09b292527422552f4ddada7ccd62e28804f75b9bc88c4d64fad00db,fadf9341e734c7807e8d86051974b880b382afc02505113658a5a3965eda0f3c,OPTIMAL,2388.08,2729,1936,793,30477,8,623,15347,2.11807
7b9053fb13e462eae04cb54e9e64f7929247a3ece739347a45fdc8deacd46646,5df8f0e757df0723112604075d205601310374d953777709be4c1ef611f244bd,OPTIMAL,2916.72,1859,1264,595,21771,8,399,10761,2.09439
7bd5e487a816e310cf226295707e1f41f4b697bc67bddaaa8c309ea93e77a727,fadf9341e734c7807e8d86051974b880b382afc02505113658a5a3965eda0f3c,OPTIMAL,154.832,715,461,254,7431,8,31,985,0.0753838
7c9525e45522c75edc617d4accd3fa5b23a03cff1bc3a39523f13637cacf91d8,56ab92f31c63b342e524772e52db2f544c639d6e4bcc0ce661f062ed31738024,OPTIMAL,506.153,1737,1149,588,19236,8,243,5443,0.611709
7d5ef007c15860b85ba57ea7a09ccb08ac2d31f296bc47936d625e7af0883661,56ab92f31c63b342e524772e52db2f544c639d6e4bcc0ce661f062ed31738024,OPTIMAL,7474.2,5298,3673,1625,59077,8,9257,85199,24.3461
7e5aa4016ad68c0efd86e36186d0de0f5d8c69fc9d27fdd2b3976e26905325de,56ab92f31c63b342e524772e52db2f544c639d6e4bcc0ce661f062ed31738024,OPTIMAL,1482010.0,20844,16436,4408,233557,8,548234,2019729,3843.75
7e6b650d4435c812acac4ca343afb0734e8d22f3d1b64370345d98ece33807a5,fadf9341e734c7807e8d86051974b880b382afc02505113658a5a3965eda0f3c,OPTIMAL,1183.34,1977,1377,600,21823,8,399,9558,0.909728
7f37b05dbeb0f5013414a3c61b10aeb8dff6b9ab4ad520a8a9205964a26d102c,56ab92f31c63b342e524772e52db2f544c639d6e4bcc0ce661f062ed31738024,OPTIMAL,3097.71,3235,2300,935,36199,8,1276,30370,4.11745
8073c7c85295abafcc3ca9dde8e50e775e59175274e1b7d3eec04570581b4469,56ab92f31c63b342e524772e52db2f544c639d6e4bcc0ce661f062ed31738024,OPTIMAL,1649.08,2565,1783,782,28926,8,709,19482,2.86391
80ac2372ce125d2b203a9d3c0111ef887a2ba0ab73248e5fd7d258f67025dfda,fadf9341e734c7807e8d86051974b880b382afc02505113658a5a3965eda0f3c,OPTIMAL,6437.82,4592,3316,1276,52067,8,2738,52199,8.05118
80f73e52da8a244ea0be2c39d85c197bc238b5af594944e77ba4baff43bee2ed,fadf9341e734c7807e8d86051974b880b382afc02505113658a5a3965eda0f3c,OPTIMAL,6225.3,4117,2621,1496,49835,8,2111,75272,7.63856
821f15ac4478cffdd0f615fe71e0eeb1c47b989f91a47f0e9e8760f5518f4868,56ab92f31c63b342e524772e52db2f544c639d6e4bcc0ce661f062ed31738024,OPTIMAL,1855.33,2775,1832,943,32281,8,557,24512,3.10161
82c981cebdc67d969363e30496d5e1278592f85aca9bffae6fb8135aade2369c,56ab92f31c63b342e524772e52db2f544c639d6e4bcc0ce661f062ed31738024,OPTIMAL,4100.31,4049,2930,1119,45237,8,2629,43878,6.32821
82edf01d7c20302d494f05b2f335473d3535b086de4f8bb170f707cbdc06a7f5,fadf9341e734c7807e8d86051974b880b382afc02505113658a5a3965eda0f3c,OPTIMAL,9249.91,5277,3652,1625,58663,8,1749,67067,8.18564
832bd4924ac7dec74dd3b8e9a14a0e380cac3ca9c041a6c9d765d6dba454895f,fadf9341e734c7807e8d86051974b880b382afc02505113658a5a3965eda0f3c,OPTIMAL,104633,10404,7751,2653,117200,8,38734,248491,176.807
834873ba45a488c7f8b1d6ad0d1d689ce41cb19ae9186807eabc801920b926a5,5df8f0e757df0723112604075d205601310374d953777709be4c1ef611f244bd,OPTIMAL,3081.59,1850,1257,593,21650,8,794,13010,2.23403
84327bfe5801100327e40bc478403a949d8947fd6a15ddcc2bcb0f06ce32eea6,fadf9341e734c7807e8d86051974b880b382afc02505113658a5a3965eda0f3c,OPTIMAL,5728.96,3224,2288,936,36358,8,927,30205,5.90036
855c207bbe508dd6bc5c8e557648607de72dbe98e732548d00a14f1692fa30e9,5df8f0e757df0723112604075d205601310374d953777709be4c1ef611f244bd,OPTIMAL,3036.42,2733,1938,795,31882,8,777,15687,3.01651
859f76e784d7572cac7dbbf5a6b8358da4120fd0da76af247da8bdbe91f209ba,fadf9341e734c7807e8d86051974b880b382afc02505113658a5a3965eda0f3c,OPTIMAL,795.193,1739,1149,590,19405,8,255,5415,0.635959
867ec278968f0337e74a78c449201e06acb674774dde6d598377e9a123d1d6cf,fadf9341e734c7807e8d86051974b880b382afc02505113658a5a3965eda0f3c,OPTIMAL,6078.24,4825,3334,1491,56887,8,1766,61829,8.15386
86c2f0304e765fa13c3e8d0c970082ec0f321665e56f4caeb7505d1a652b1958,56ab92f31c63b342e524772e52db2f544c639d6e4bcc0ce661f062ed31738024,OPTIMAL,24569.5,11114,8496,2618,124184,8,5451,107151,32.4269
86c635d438e9048aeb8352c427f1b36966fa53086f50512d36c0f265d893155e,fadf9341e734c7807e8d86051974b880b382afc02505113658a5a3965eda0f3c,OPTIMAL,6348.77,3524,2381,1143,41227,8,6997,74326,7.5385
87106998551ed8b22ec13067c8b3a05d47ccb12637e779a1040a9def4e9765b6,fadf9341e734c7807e8d86051974b880b382afc02505113658a5a3965eda0f3c,OPTIMAL,2555.9,3098,2149,949,33949,8,833,22856,2.43486
87a7d382f1e5cd88801c156daf84fd0739c090390db57bd7622d86f7775dbb48,fadf9341e734c7807e8d86051974b880b382afc02505113658a5a3965eda0f3c,OPTIMAL,6350.34,3727,2581,1146,43015,8,1791,41316,6.90988
89264583d12fec785e020bbb3d0c29872c17db7a2aea98f0c936e42d568a8eb9,fadf9341e734c7807e8d86051974b880b382afc02505113658a5a3965eda0f3c,OPTIMAL,5541.49,3224,2288,936,36358,8,1466,31284,5.09327
8a25ce239e8b745b34e8418960573b61c84d9f9af96681e7f5b54725b86b6bfe,56ab92f31c63b342e524772e52db2f544c639d6e4bcc0ce661f062ed31738024,OPTIMAL,5309.81,5075,3592,1483,58445,8,2382,66426,14.7412
8a3a0575a6af4727c9e27c2e63a5da1f147282a3478b1278fd9bc8069e8110b1,fadf9341e734c7807e8d86051974b880b382afc02505113658a5a3965eda0f3c,OPTIMAL,6624.34,4054,2930,1124,45468,8,1748,41177,5.8758
8b1db26428e486f04d080ee1a5589c05a5a1251c112b8d2af9dfb6d55ae0dcf4,5df8f0e757df0723112604075d205601310374d953777709be4c1ef611f244bd,OPTIMAL,4787.76,3224,2288,936,38028,8,2472,37155,4.98498
8b264feb93eae5932741a7f9e9db294c22ea3cb66c4957c56c11a257c0e84e2b,56ab92f31c63b342e524772e52db2f544c639d6e4bcc0ce661f062ed31738024,OPTIMAL,3475.49,3220,2288,932,36135,8,1375,31948,5.32517
8b439dc017e4e505dd41661ef4684654990664c10d073efcb6cbd7f77d2e1f75,5df8f0e757df0723112604075d205601310374d953777709be4c1ef611f244bd,OPTIMAL,3044.89,2729,1936,793,32079,8,901,16035,3.18278
8bf3c36029cc57273c55537c51f36e4d506c54f004db71af04c2f3833513a6ea,56ab92f31c63b342e524772e52db2f544c639d6e4bcc0ce661f062ed31738024,OPTIMAL,3910.28,5094,3604,1490,58627,8,1354,54858,8.30722
8d6e8152f2a7acab40571eb94f4ab02bf8dcd2f246844a3366ade55f64647001,5df8f0e757df0723112604075d205601310374d953777709be4c1ef611f244bd,OPTIMAL,4449.32,3104,2156,948,36382,8,1352,35025,4.71866
8e4e16238b7a5266c68e8a99bb41c18f3f2b3864ab9b439c946c2d99eeee0364,56ab92f31c63b342e524772e52db2f544c639d6e4bcc0ce661f062ed31738024,OPTIMAL,7342.41,5064,3230,1834,61088,8,4363,91953,15.6115
8edd162afaa39a55870723c221d056c251e1846b40ab5ac7042388639fbbca3a,5df8f0e757df0723112604075d205601310374d953777709be4c1ef611f244bd,OPTIMAL,11819.5,5079,3597,1482,59796,8,3578,76643,13.8424
8f16d86d9b158570c045a8f7cf0c19b66d812d400677574b99f8f2270c9c7e3f,56ab92f31c63b342e524772e52db2f544c639d6e4bcc0ce661f062ed31738024,OPTIMAL,1669.89,3094,2149,945,33706,8,892,22010,2.7846
8f41589af6050547301acab498a4f5b7894920b712156a7e2fac1664966dd04e,56ab92f31c63b342e524772e52db2f544c639d6e4bcc0ce661f062ed31738024,OPTIMAL,1599.16,2730,1938,792,30064,8,1148,16541,2.64948
8f61a3cb2dd7e6d2b832e5a18ca464a3f6e93ae0072c5251e2d4f7582069d539,56ab92f31c63b342e524772e52db2f544c639d6e4bcc0ce661f062ed31738024,OPTIMAL,3057.05,4053,2932,1121,44877,8,2050,42750,6.67817
8f967cbd48541a625efc6f9e641373a0015889f904fe744dc6d5e7061a7a36fe,fadf9341e734c7807e8d86051974b880b382afc02505113658a5a3965eda0f3c,OPTIMAL,1979.49,2325,1530,795,26442,8,581,16233,1.67653
90e1185ded530d8fbb2b773076a2fdbdfbb9a725f2fc07b4d8b8280e93069b54,56ab92f31c63b342e524772e52db2f544c639d6e4bcc0ce661f062ed31738024,OPTIMAL,1323.68,1847,1257,590,20644,8,3410,21289,1.66283
90e16615aa9873fcba0b9ffeaec5584d26877834691f2b3011096e29281d26ec,56ab92f31c63b342e524772e52db2f544c639d6e4bcc0ce661f062ed31738024,OPTIMAL,5772.7,4800,3325,1475,55906,8,5705,120717,14.8884
915f8918d0b3d7d39a423af66871046decda0ae1e8230bbdeb43f12a08e79fc7,56ab92f31c63b342e524772e52db2f544c639d6e4bcc0ce661f062ed31738024,OPTIMAL,1537.86,2579,1793,786,28589,8,876,16280,2.10021
91dee20f1695cde5ba284269b5a1cddd4253c16a5e56639578ebbb8855c2c2fa,fadf9341e734c7807e8d86051974b880b382afc02505113658a5a3965eda0f3c,OPTIMAL,5312.01,4440,3147,1293,50667,8,1717,52956,7.43839
94fbb6eb1148ca15aff1945c9b987c281b8ac300531a6c4ed88840629233828f,fadf9341e734c7807e8d86051974b880b382afc02505113658a5a3965eda0f3c,OPTIMAL,2360.01,2585,1793,792,28922,8,912,15157,1.93857
9507e3b4ced4efa84827b4febcf8c4bf480ec914bc957af7ebe337c2a25fa887,fadf9341e734c7807e8d86051974b880b382afc02505113658a5a3965eda0f3c,OPTIMAL,7026.39,4440,3147,1293,50587,8,1692,52454,7.8701
95dffeb21af47c0da4d0cd31a1d8f2a02c049546ee31d53568c3c87ec796b9b7,5df8f0e757df0723112604075d205601310374d953777709be4c1ef611f244bd,OPTIMAL,6499.23,3924,2783,1141,45864,8,1678,45114,6.78036
96e1d05ec560b176485b6da3c8924718e9a3efa0e6605dda68c85a8354cfac91,56ab92f31c63b342e524772e52db2f544c639d6e4bcc0ce661f062ed31738024,OPTIMAL,1443320.0,20844,16436,4408,233581,8,700829,2655203,4843.77
97c67ce44962a7b1afacbdf7610259b634c74cf7953cf2b5766bfccf3e347b13,56ab92f31c63b342e524772e52db2f544c639d6e4bcc0ce661f062ed31738024,OPTIMAL,3578.34,4434,3147,1287,50329,8,1997,53648,7.28891
9801d683d790b79a89846abab1f9539026a1ca565629939ff874f65922709702,fadf9341e734c7807e8d86051974b880b382afc02505113658a5a3965eda0f3c,OPTIMAL,4600.21,4050,2924,1126,45133,8,2345,44779,6.52967
99406389a054df8283649e3669fd2a07fa770b3472003d54b6331d59527a15d1,fadf9341e734c7807e8d86051974b880b382afc02505113658a5a3965eda0f3c,OPTIMAL,422.549,1240,794,446,14036,8,103,4068,0.26473
99c5ac6d121d8b750f0bddfa010f32222a75f7d3c2235a87cc7883a876e3d654,56ab92f31c63b342e524772e52db2f544c639d6e4bcc0ce661f062ed31738024,OPTIMAL,798.026,1975,1377,598,21682,8,377,9553,1.18037
99db0e67a00812cd88e5186525387f7f146332da1adcc35d7218f6d13b32b927,fadf9341e734c7807e8d86051974b880b382afc02505113658a5a3965eda0f3c,OPTIMAL,6204.55,5104,3604,1500,59384,8,1650,51769,8.33136
99dd837b2fb977cecca2cd812b39804c750269ea4317fa660ded1bfd10361217,5df8f0e757df0723112604075d205601310374d953777709be4c1ef611f244bd,OPTIMAL,28200.8,7843,5854,1989,88415,8,13095,128740,35.9572
9b68c85c1a117037be6720b3f7a9f0c2b040b41c9b725525fb162df7f3a2910c,fadf9341e734c7807e8d86051974b880b382afc02505113658a5a3965eda0f3c,OPTIMAL,7909.24,4358,2861,1497,51975,8,969,45703,7.91396
9be78e91ac11a52ea9632536e893507ce0081319840e6ec750614f774115ce96,fadf9341e734c7807e8d86051974b880b382afc02505113658a5a3965eda0f3c,OPTIMAL,2300.62,3100,2149,951,34071,8,684,14103,1.8593
9c28c175d2cd7871aaff707f1cdbb5132941625137f09fd93fa2116fc9b3470e,fadf9341e734c7807e8d86051974b880b382afc02505113658a5a3965eda0f3c,OPTIMAL,5307350.0,20881,16450,4431,236975,8,949858,3779328,10022.4
9c2be28afd9a6d476a647468dccac7801a653e7be6684ac128de72030efcb3f5,fadf9341e734c7807e8d86051974b880b382afc02505113658a5a3965eda0f3c,OPTIMAL,1161.53,1859,1264,595,20727,8,305,10055,0.839053
9c3c55cd54e6074a7e2732ccfaac2e90698141e7e9fb30c946657a21fb186061,56ab92f31c63b342e524772e52db2f544c639d6e4bcc0ce661f062ed31738024,OPTIMAL,4022.2,5104,3610,1494,58096,8,1777,58426,8.31302
9c5486163986ecf6d1316c2ad9ab5a154f3847a1b7e01d23f2ad6251435b68dd,5df8f0e757df0723112604075d205601310374d953777709be4c1ef611f244bd,OPTIMAL,1312210.0,20853,16429,4424,245972,8,261411,1407886,2214.53
9c6904d7802ccf85e6e37fed810f6c741d114f7244b89d3d8801e90f0cf52cf4,5df8f0e757df0723112604075d205601310374d953777709be4c1ef611f244bd,OPTIMAL,3212.27,1977,1377,600,22871,8,822,11048,2.12357
9c801bcf5dc6a4fa11be76710e268871e68ba55da83399f00fb9e0390f675962,fadf9341e734c7807e8d86051974b880b382afc02505113658a5a3965eda0f3c,OPTIMAL,3098.94,2569,1783,786,29118,8,1617,21084,2.66028
9d6512b86417f81a043a4abfa11ada9209f4e3e59b8b56f8f2e234e823c89eab,56ab92f31c63b342e524772e52db2f544c639d6e4bcc0ce661f062ed31738024,OPTIMAL,4094.81,4049,2930,1119,45225,8,3832,89975,7.82779
9e71a16c2592f15f94948241daaa4468f4f47ad791aa02a3751e03e97a2d377d,fadf9341e734c7807e8d86051974b880b382afc02505113658a5a3965eda0f3c,OPTIMAL,1034.56,1766,1167,599,20107,8,351,10858,0.75633
9e867e2a560f391fe00509c9a263a7b25e7beaadcc151da54b616a068bff4d1a,56ab92f31c63b342e524772e52db2f544c639d6e4bcc0ce661f062ed31738024,OPTIMAL,7404.83,5304,3831,1473,59864,8,1468,61490,14.4768
9f1faefa3b6d0fde8da0886706df654164a7ba690fa4c6c337401c865e233cfe,56ab92f31c63b342e524772e52db2f544c639d6e4bcc0ce661f062ed31738024,OPTIMAL,3171.96,3520,2381,1139,40996,8,1193,38351,6.84478
9f330e3d7528eea46bbfbd640e4dc0f7d732bf1fdc1dd9e39c323406b9cede01,56ab92f31c63b342e524772e52db2f544c639d6e4bcc0ce661f062ed31738024,OPTIMAL,3351.44,4087,2956,1131,45102,8,1767,38543,6.44192
9faddb505594f68b886e5540640f408e1d511fb47d3fde017a7466621b7d5d8d,5df8f0e757df0723112604075d205601310374d953777709be4c1ef611f244bd,OPTIMAL,11228.7,4358,2861,1497,54463,8,5127,73239,13.756
9fef160ec7a392c9691777eb5c599e48956eed4b519eb0ef968c6da06a547db3,56ab92f31c63b342e524772e52db2f544c639d6e4bcc0ce661f062ed31738024,OPTIMAL,640.309,1856,1264,592,20564,8,316,9914,0.898999
a04dbde35f5eda88bf42a75eaf0d43d9b0665177cfa971469f3e5e9fb8225fd0,fadf9341e734c7807e8d86051974b880b382afc02505113658a5a3965eda0f3c,OPTIMAL,5754.89,4057,2930,1127,45699,8,1585,40818,6.47583
a0bbbe5321ee24c3dbf69f223c4c0e8a0f62a2dfbf1e58c2f9414e2255a0122f,56ab92f31c63b342e524772e52db2f544c639d6e4bcc0ce661f062ed31738024,OPTIMAL,850.031,1975,1377,598,21682,8,618,9748,1.17243
a0cd1b349e85c374dac7fd4570d5dc90928422dea74e38afe67defa14d8a13a5,5df8f0e757df0723112604075d205601310374d953777709be4c1ef611f244bd,OPTIMAL,6657.63,3224,2288,936,38028,8,7110,91485,6.30523
a1a2584786c08975b608e6ba0d2d576dc3993ca614b721341a5bfd21f2c4bdac,56ab92f31c63b342e524772e52db2f544c639d6e4bcc0ce661f062ed31738024,OPTIMAL,3956.08,4352,2861,1491,51635,8,670,40595,7.45242
a2471fdf2d809899bf51327d180164d2523cb5bc14222327fda360f2f6677b7b,56ab92f31c63b342e524772e52db2f544c639d6e4bcc0ce661f062ed31738024,OPTIMAL,1979.36,2346,1548,798,27043,8,334,15496,2.57625
a27f90201b577988626385f9254e8b786910326e6e8fb7b6cb1544a744743db8,56ab92f31c63b342e524772e52db2f544c639d6e4bcc0ce661f062ed31738024,OPTIMAL,3366.15,3150,2012,1138,37480,8,1494,43537,7.2959
a2a435c469f2205b3c9cca2d78b3efb8ea3542308e986ea66d8774b36dcc3f99,56ab92f31c63b342e524772e52db2f544c639d6e4bcc0ce661f062ed31738024,OPTIMAL,316.487,1323,878,445,14094,8,166,4721,0.38152
a2dfa72e3403f1488e1d679e3d8bf35a040fbfb8b52101a438626dfe9587aa58,fadf9341e734c7807e8d86051974b880b382afc02505113658a5a3965eda0f3c,OPTIMAL,2377.49,2711,1924,787,30268,8,1266,30734,1.95116
a325be32cc0287d707ddde2c5556e868387fda094272991cfe5cd1998091f5a9,fadf9341e734c7807e8d86051974b880b382afc02505113658a5a3965eda0f3c,OPTIMAL,5134.63,3158,2012,1146,37902,8,433,24742,6.26043
a34a2f667fa7daad838285edacb2c038301c3bd073c6d83a9290a6cce2364723,fadf9341e734c7807e8d86051974b880b382afc02505113658a5a3965eda0f3c,OPTIMAL,11295.1,5366,3525,1841,64385,8,2482,78855,16.0043
a3865ae1eb5fb989347e0391f653d399c19e0050af1fcb79594dc0659bf374f0,fadf9341e734c7807e8d86051974b880b382afc02505113658a5a3965eda0f3c,OPTIMAL,6495.42,3924,2783,1141,44292,8,3579,74959,7.06788
a49d307cfcf3ca9dff031a54cca31086a1882b7c0e65c1da60de651a8c9a79b8,56ab92f31c63b342e524772e52db2f544c639d6e4bcc0ce661f062ed31738024,OPTIMAL,10574.9,7837,5854,1983,85434,8,10534,98410,32.0729
a4a7c4b150b49a6cf24302d9fd052b821060e59abd5de1589a34c32c368dfefb,fadf9341e734c7807e8d86051974b880b382afc02505113658a5a3965eda0f3c,OPTIMAL,1840,1977,1377,600,21823,8,455,9769,1.15662
a4ce40350fd94acc8dfa277dc1bcc0cc82a3a600ee96d7a5ca1342cc7a2cc18d,56ab92f31c63b342e524772e52db2f544c639d6e4bcc0ce661f062ed31738024,OPTIMAL,3986.44,5073,3597,1476,57490,8,2761,59642,8.21734
a4dbf4239260ca8770d6c3f876a98ba92dd42102400396cf211e7f9696e4776c,56ab92f31c63b342e524772e52db2f544c639d6e4bcc0ce661f062ed31738024,OPTIMAL,1500.8,2707,1924,783,30068,8,695,16497,2.08018
a87f850d84c25316081211e9935add586d4abd88a36e386cc59db72975479dc9,fadf9341e734c7807e8d86051974b880b382afc02505113658a5a3965eda0f3c,OPTIMAL,180.457,715,461,254,7423,8,560,4544,0.0901002
a8a5fdd87f0511775828ec72413b40065d20587aa2603638713d72f05bc543a2,5df8f0e757df0723112604075d205601310374d953777709be4c1ef611f244bd,OPTIMAL,3134.13,2711,1924,787,31870,8,740,15627,3.02381
aa6fca326d5509b8593566dd692566d7aae1391f75b3ae9b3f5f2c09409f27c5,fadf9341e734c7807e8d86051974b880b382afc02505113658a5a3965eda0f3c,OPTIMAL,4676.26,2781,1832,949,32565,8,707,25709,3.30281
ab06f38ddf16d391ca4564bd92864ba0d062b576927c24a606894d3b2ba5324f,fadf9341e734c7807e8d86051974b880b382afc02505113658a5a3965eda0f3c,OPTIMAL,3487.46,2571,1783,788,29262,8,6635,36704,2.86413
ab0dc15b9cb918a6625a4f314188fadbf7851cbb0fb04d8237c821251021e07f,56ab92f31c63b342e524772e52db2f544c639d6e4bcc0ce661f062ed31738024,OPTIMAL,42433.4,10391,7751,2640,116641,8,35646,377527,153.145
ab4c547d9c6b55b6ba9d99b755dc01399f1a9eca8a3c1a53ec603955459bbb01,5df8f0e757df0723112604075d205601310374d953777709be4c1ef611f244bd,OPTIMAL,6536.66,3727,2581,1146,45243,8,878,33840,6.79979
ab65fced530e53ab8e8820b1566667bcc263f0a4616f8fcf0119dca9c2d6adfa,fadf9341e734c7807e8d86051974b880b382afc02505113658a5a3965eda0f3c,OPTIMAL,2168.04,1851,1257,594,20861,8,414,11107,1.5309
abb5959746b98f2e3ca3e372ea9123d269d907763eeaa8974b931b9fe9066d9c,56ab92f31c63b342e524772e52db2f544c639d6e4bcc0ce661f062ed31738024,OPTIMAL,10397.7,5298,3673,1625,59077,8,17088,157373,39.3144
abff5e6c75b21e295633c7d3920862fb20a7ed5a81d3b6c3d7adefe375a2331f,56ab92f31c63b342e524772e52db2f544c639d6e4bcc0ce661f062ed31738024,OPTIMAL,3515.33,4434,3147,1287,50329,8,1781,51076,7.59026
aca45a10435494d79a4838efee7c3d968577b0426bebae02d39d196e4cf95d20,56ab92f31c63b342e524772e52db2f544c639d6e4bcc0ce661f062ed31738024,OPTIMAL,3671.42,4815,3334,1481,56186,8,2414,53301,8.1817
ad2944e678573fd35127a68e3818c4049d6c7f50988ef9031ad9f2c5669a9ef5,5df8f0e757df0723112604075d205601310374d953777709be4c1ef611f244bd,OPTIMAL,2371.29,1859,1264,595,21741,8,305,9961,1.70667
ad5b37c3d671388ea80e099a9ee23706555adb1f1768f6393b9643e07c2a141c,fadf9341e734c7807e8d86051974b880b382afc02505113658a5a3965eda0f3c,OPTIMAL,5988.72,4364,2861,1503,52449,8,1772,55986,8.07535
ad6577c2c75004d6adc5e7753d29ccebfb79bf175f4476e183c69c606b5091a6,fadf9341e734c7807e8d86051974b880b382afc02505113658a5a3965eda0f3c,OPTIMAL,590.302,1325,878,447,14217,8,139,4506,0.34056
aec821f70ed62b536c07791cb8cb7cc48661194d53fe27e8b65b139c13aec39a,56ab92f31c63b342e524772e52db2f544c639d6e4bcc0ce661f062ed31738024,OPTIMAL,1317.35,2726,1936,790,30276,8,759,14872,2.31358
af7f7518658f6a121da81b663950506b43c7657af03a0b3e3e51e058163a472f,56ab92f31c63b342e524772e52db2f544c639d6e4bcc0ce661f062ed31738024,OPTIMAL,748.329,1975,1377,598,21682,8,377,9553,1.18051
afaba40d5fa8903139f80aa365c6ab850a2df54221f9be87383281c552513466,fadf9341e734c7807e8d86051974b880b382afc02505113658a5a3965eda0f3c,OPTIMAL,1811.58,2732,1936,796,30680,8,612,14213,2.1616
afb6bce329d577a5f52f98b748d2157c1bbc23473bc701cd560fb2b57d85a791,56ab92f31c63b342e524772e52db2f544c639d6e4bcc0ce661f062ed31738024,OPTIMAL,309.44,1323,878,445,14106,8,151,4649,0.378169
afb7051a1f3226c7a23f4d22f224bd36ff41ca896c8e3be24c3d2d7c9da2ffcf,fadf9341e734c7807e8d86051974b880b382afc02505113658a5a3965eda0f3c,OPTIMAL,2133.87,2732,1936,796,30684,8,1314,16008,2.20437
afe82892cb3a54c1449823bb460e1a9e59967e18729277426693d180e0125266,fadf9341e734c7807e8d86051974b880b382afc02505113658a5a3965eda0f3c,OPTIMAL,21205.3,7843,5854,1989,85727,8,11110,111181,31.961
b040ac13f61b42c52e957df48581cfd54d36eedaad63da36839fdde9183dece6,5df8f0e757df0723112604075d205601310374d953777709be4c1ef611f244bd,OPTIMAL,3052.7,1766,1167,599,20923,8,228,10193,2.02794
b13bb2432694ba5fe9768abc03525698986ba13ffe70a7112b90bd7fbad02aec,fadf9341e734c7807e8d86051974b880b382afc02505113658a5a3965eda0f3c,OPTIMAL,8842.37,5079,3597,1482,57828,8,2133,60233,12.7949
b14c571a562972071899d8eb08ed99fa4dfc944eedf4613632bbc2008ae90e23,56ab92f31c63b342e524772e52db2f544c639d6e4bcc0ce661f062ed31738024,OPTIMAL,1873900.0,20844,16436,4408,233581,8,738946,2570390,6668.87
b18203536680dcbad9276ec9d8db50f6ef463cbcbbea5aaeabff959652209e3c,56ab92f31c63b342e524772e52db2f544c639d6e4bcc0ce661f062ed31738024,OPTIMAL,6300.32,5104,3610,1494,58078,8,3809,110454,15.1082
b1994f8885fd57c17b4817fa3515dcbf21b49b1bcf65f915336b3a9fe858e651,fadf9341e734c7807e8d86051974b880b382afc02505113658a5a3965eda0f3c,OPTIMAL,5483.02,4061,2932,1129,45302,8,4083,46562,6.52935
b1b2b8caa3156c8273d827504518306416d1e2909060667e4af05787fc173a38,56ab92f31c63b342e524772e52db2f544c639d6e4bcc0ce661f062ed31738024,OPTIMAL,5984.27,4800,3325,1475,55918,8,7904,99296,16.3801
b24ab4139208bdc598f3f70510ac9f58334d0af4bcce109a96f1dd48133ae1e3,fadf9341e734c7807e8d86051974b880b382afc02505113658a5a3965eda0f3c,OPTIMAL,959.743,1739,1149,590,19373,8,308,7215,0.627408
b290214fc63e3dcbf5bb5f263ebdec94aaa0ef84fcfa33180675b6346565b5b7,fadf9341e734c7807e8d86051974b880b382afc02505113658a5a3965eda0f3c,OPTIMAL,28277.1,8588,6402,2186,94488,8,11791,108949,39.9897
b43c4de7b33424859986111645c0f3535ce55c97d536fdfc7eda147261d92ad3,56ab92f31c63b342e524772e52db2f544c639d6e4bcc0ce661f062ed31738024,OPTIMAL,9668,5304,3831,1473,59852,8,5829,81909,15.8384
b4543584e1dea20783dd43c0d72808ddc8596c59707ffb1c7383a0b926b22a5e,fadf9341e734c7807e8d86051974b880b382afc02505113658a5a3965eda0f3c,OPTIMAL,6886.08,4058,2932,1126,45101,8,3426,74733,6.61894
b5699531416576bc6f180919ba95643a25b1287458d36123f55eb76d8d5b47d2,56ab92f31c63b342e524772e52db2f544c639d6e4bcc0ce661f062ed31738024,OPTIMAL,1965.09,3094,2149,945,33706,8,4561,34650,2.96967
b6027761fc923f4b03b977ca7530948fa7351cd7d5ffe1f0eff7e3b62577325e,56ab92f31c63b342e524772e52db2f544c639d6e4bcc0ce661f062ed31738024,OPTIMAL,3431.8,4049,2930,1119,45226,8,4101,48128,7.43628
b72a77b55f9675d08f39dfdae6b58ce09d723623c71d67141407f794f2f5792a,fadf9341e734c7807e8d86051974b880b382afc02505113658a5a3965eda0f3c,OPTIMAL,1001.91,1860,1264,596,20803,8,744,12584,1.03077
b7e392cb6562f741b79089dd527327fb8437eb6fb609701512465727cec3acd0,5df8f0e757df0723112604075d205601310374d953777709be4c1ef611f244bd,OPTIMAL,4531.41,2326,1531,795,28202,8,2030,22093,5.07546
b91d4698bc045a1f72fa7423165efe4caac0ebee02edb3eed9f3846a1bc01bba,5df8f0e757df0723112604075d205601310374d953777709be4c1ef611f244bd,OPTIMAL,7481.13,4054,2930,1124,47567,8,6808,70130,7.20177
b9c06d6c62aab9e07e4ff671bd0cfb111de0618a95c82783a2facf40d681bcdd,56ab92f31c63b342e524772e52db2f544c639d6e4bcc0ce661f062ed31738024,OPTIMAL,3654.93,4352,2861,1491,51635,8,1666,60664,8.20979
ba0b9ea5e8f2328cb61bd31c0d61dafaec59744031371bbf7d594553e5b1c8c0,fadf9341e734c7807e8d86051974b880b382afc02505113658a5a3965eda0f3c,OPTIMAL,1315.97,1863,1266,597,20821,8,408,10424,1.05133
ba3c3ec1af3ebbaee88b5d85beac349a3d26be07ff2aab68e6ae3790c8c47f3f,fadf9341e734c7807e8d86051974b880b382afc02505113658a5a3965eda0f3c,OPTIMAL,3264.35,2569,1783,786,29104,8,884,19554,2.58996
ba86b8aa2d73b9780ab98d8557143022a9c326ee7dddeebc7e1572fe12abd770,fadf9341e734c7807e8d86051974b880b382afc02505113658a5a3965eda0f3c,INFEASIBLE,66907.9,20876,16436,4440,237190,8,9936,121156,69.7478
bac1fb9016d7061a81abe52a4479744cd8c8b9b890d0d2df020f2eed60a814e8,fadf9341e734c7807e8d86051974b880b382afc02505113658a5a3965eda0f3c,OPTIMAL,12741,5081,3592,1489,58781,8,8190,64546,15.7151
baf98ab4178a2d5e0ed95a96d12df90ea8f4ddd6fd76e3cb74521afdc686a725,56ab92f31c63b342e524772e52db2f544c639d6e4bcc0ce661f062ed31738024,OPTIMAL,4895.28,4582,3316,1266,51584,8,2446,59082,8.1702
bb5648a91b469ef23f1155a766b8e6fd05b14bcf42940e511f7c88aefbc8ec47,5df8f0e757df0723112604075d205601310374d953777709be4c1ef611f244bd,OPTIMAL,3262.15,2569,1783,786,30560,8,2070,30975,3.92594
bb9eb5259a99d62dd29494b30eecaa36ff1f6fe5698d4793423bef4137a7b1a9,56ab92f31c63b342e524772e52db2f544c639d6e4bcc0ce661f062ed31738024,OPTIMAL,1017.39,1847,1257,590,20644,8,1010,13357,1.26922
bbcf7fef3811556bc56b16655a1a8c18732092a7bd82e0c47313134504ed991f,fadf9341e734c7807e8d86051974b880b382afc02505113658a5a3965eda0f3c,INFEASIBLE,68275,20876,16436,4440,237190,8,11901,119272,73.1088
bbcfb05efc5b22e60cea2c2aadf94a452df9e1d1a80e743926b755526773e3cb,fadf9341e734c7807e8d86051974b880b382afc02505113658a5a3965eda0f3c,OPTIMAL,11690.6,5109,3610,1499,58438,8,6207,130018,13.9314
bbdd48b171ac2a86a8e9c8dc148b5301278cde418f992a4d2efe2d41378c31aa,fadf9341e734c7807e8d86051974b880b382afc02505113658a5a3965eda0f3c,OPTIMAL,6444.66,3494,2362,1132,40817,8,1164,39616,6.93193
bc676605802ed5fb85e5006a7df234667d32237dd086e56b2a8bd20a578155e4,5df8f0e757df0723112604075d205601310374d953777709be4c1ef611f244bd,OPTIMAL,837165,17070,13335,3735,199450,8,213359,1171620,1353.18
bcaed7c25140d0d5731f397b188a271512394f14fabe67b495076b23436e1d57,56ab92f31c63b342e524772e52db2f544c639d6e4bcc0ce661f062ed31738024,OPTIMAL,502.374,1737,1149,588,19236,8,243,5443,0.611565
bd4be90c6f160c8932088ffb1f966190355a060720c71113a8784e00d8c2cd57,fadf9341e734c7807e8d86051974b880b382afc02505113658a5a3965eda0f3c,OPTIMAL,4816.56,3924,2783,1141,44364,8,1919,42736,6.62824
bea0526af2a0ef3f3fc16f4b0daa81f8c077307921ed0cbc02b78a60d008a2a5,fadf9341e734c7807e8d86051974b880b382afc02505113658a5a3965eda0f3c,OPTIMAL,10744.1,5076,3230,1846,61768,8,3721,100111,16.4477
bef168aea12ee9d5a0b12880cb3c69ebc80ff968b9f2500a907c5f3f16f0d369,56ab92f31c63b342e524772e52db2f544c639d6e4bcc0ce661f062ed31738024,OPTIMAL,7530.89,5298,3673,1625,59077,8,8859,83041,23.9536
bf95b4aa258e822d108e65d7ce10e99104db1720fb2fe84d3b5f105ff9f2af39,56ab92f31c63b342e524772e52db2f544c639d6e4bcc0ce661f062ed31738024,OPTIMAL,1132.06,1860,1266,594,20658,8,419,10594,1.17979
c07c5abd63a1f29258c3989976e428c4e3195ed80d0c8e7c145fba613d394abe,56ab92f31c63b342e524772e52db2f544c639d6e4bcc0ce661f062ed31738024,OPTIMAL,11003.3,8580,6402,2178,94141,8,9050,97946,32.2612
c0a0dc04538c4ae54401b99c91b6b743811aab04bbc638360c16b4fc9b915728,fadf9341e734c7807e8d86051974b880b382afc02505113658a5a3965eda0f3c,OPTIMAL,4920.17,2199,1403,796,25921,8,712,19587,4.70544
c0bbae62f14d03166e20cbff5fabab7917480464a9baf804ec42409b26e0d32c,fadf9341e734c7807e8d86051974b880b382afc02505113658a5a3965eda0f3c,OPTIMAL,400652,17070,13335,3735,192562,8,122197,544974,817.73
c198fac818f333764f4b5d0b08c72cae3b903978b4a6e19b138902d969dbb86b,5df8f0e757df0723112604075d205601310374d953777709be4c1ef611f244bd,OPTIMAL,1988.07,1859,1264,595,21752,8,372,10428,1.6284
c1e1e1a8dc3fcef074f8642dc2d3db8001a120f65a6263335206fafe704fb56a,fadf9341e734c7807e8d86051974b880b382afc02505113658a5a3965eda0f3c,OPTIMAL,2431.35,2733,1938,795,30242,8,646,15490,2.17952
c299a3f6d8e558df79357fcea15b8092424ca74e1cd3664e2dc128b62980c065,56ab92f31c63b342e524772e52db2f544c639d6e4bcc0ce661f062ed31738024,OPTIMAL,304.492,1313,869,444,14493,8,163,3749,0.333838
c330aa34330c3723403b96c7b9cbc4ad2b656ef04275965f8e2996e1b57a46a2,fadf9341e734c7807e8d86051974b880b382afc02505113658a5a3965eda0f3c,OPTIMAL,2670.68,2733,1938,795,30242,8,590,15794,2.03907
c407b925a91b430515ea23a95e35cb5075023a6b3f81624547928adfac80ea30,5df8f0e757df0723112604075d205601310374d953777709be4c1ef611f244bd,OPTIMAL,7808.57,5099,3604,1495,61857,8,2283,62251,7.84759
c4fe2cc04ae7a35679d2f3e71e91d1476eaaa48ed0e0eea02642695224d1a3a5,fadf9341e734c7807e8d86051974b880b382afc02505113658a5a3965eda0f3c,OPTIMAL,4839.59,2326,1531,795,26958,8,2116,24405,4.23301
c50ae7a1597320837a67154b00c457247005405a0d61ae03b18207f42c3d2be5,56ab92f31c63b342e524772e52db2f544c639d6e4bcc0ce661f062ed31738024,OPTIMAL,633.046,1856,1264,592,20594,8,302,9945,0.856833
c636f4a25733401ac79f10e9031c1eb15798423352413076b31a5be0f9dd1ef8,fadf9341e734c7807e8d86051974b880b382afc02505113658a5a3965eda0f3c,OPTIMAL,33804.5,8588,6402,2186,94488,8,18283,134769,56.5736
c640cc60784b5f00e395f07384f65c540c7f59d3766fc098f1c34f8645b0e4ae,5df8f0e757df0723112604075d205601310374d953777709be4c1ef611f244bd,OPTIMAL,4313.07,2199,1403,796,27097,8,307,13962,5.09543
c6a6b2aab48ad0047d3e14c25d630fb1e22e3844608af935b5e481c1965a8010,56ab92f31c63b342e524772e52db2f544c639d6e4bcc0ce661f062ed31738024,OPTIMAL,3883.39,5094,3604,1490,58627,8,2010,62433,8.22645
c74e506b46863a2dc803d33e1af1b9c9f6e286bbe1e710d9cdfaa284b1c6f7db,fadf9341e734c7807e8d86051974b880b382afc02505113658a5a3965eda0f3c,OPTIMAL,7692.09,5099,3604,1495,58973,8,1835,59762,8.13808
c867ab59144791c88799ce95599bbd25090dec398595de1c1e35d01b8a7f06ec,56ab92f31c63b342e524772e52db2f544c639d6e4bcc0ce661f062ed31738024,OPTIMAL,1564.42,2707,1924,783,30080,8,951,16490,2.14116
c8c8858fad7755abe96b96b28bcbb93492fb84c5213e56797044f8ec51fbdf8a,56ab92f31c63b342e524772e52db2f544c639d6e4bcc0ce661f062ed31738024,OPTIMAL,8928.37,7837,5854,1983,85434,8,6789,90678,24.054
c8f846435e761ae39d9095f91dec1ff5daba0e88fbb838766d52cc6d9469aaec,fadf9341e734c7807e8d86051974b880b382afc02505113658a5a3965eda0f3c,OPTIMAL,1152.52,1674,1070,604,19420,8,172,8896,0.839951
ca043f0850c14f2d99c0a48b1a959387505b2facf3551fa053ddb9c68bfa58b5,fadf9341e734c7807e8d86051974b880b382afc02505113658a5a3965eda0f3c,OPTIMAL,3101.11,3313,2177,1136,38783,8,493,26836,3.2243
caa6c275ceb224cc3efdf55f2c42a0d803b5ce6afe66cff65abaf8a50980b9cf,fadf9341e734c7807e8d86051974b880b382afc02505113658a5a3965eda0f3c,OPTIMAL,7255.7,4358,2861,1497,51975,8,3095,59900,8.11072
cb3ba9f21e52b233f5241e5003b1e388d1d1ffec427094d421a66c28df2f292e,56ab92f31c63b342e524772e52db2f544c639d6e4bcc0ce661f062ed31738024,OPTIMAL,642.02,1762,1167,595,19934,8,256,10329,0.840026
ccfac7f93fb9565b6c623253e6a722369a005a8479fe7e6d3112942ed39d274f,5df8f0e757df0723112604075d205601310374d953777709be4c1ef611f244bd,OPTIMAL,5546.81,4091,2956,1135,47437,8,2328,42380,6.34357
cda37747aa2ae783bc3093f9fadf7f26653039f6e52fbfc193cae8538c2777e4,5df8f0e757df0723112604075d205601310374d953777709be4c1ef611f244bd,OPTIMAL,987.922,1316,869,447,15385,8,183,4481,0.725161
cdc476dfd87c9b11d9a46dc7e8aeaa0f3efa9708cac0093587abb35f1228ffe0,56ab92f31c63b342e524772e52db2f544c639d6e4bcc0ce661f062ed31738024,OPTIMAL,1549180.0,20830,16429,4401,233076,8,443078,1855860,4027.99
cea92f2d552c17f09f2927186ad61dba3f09e3405f0a58a1007d0769d2334c75,fadf9341e734c7807e8d86051974b880b382afc02505113658a5a3965eda0f3c,OPTIMAL,6403.38,4091,2956,1135,45373,8,1734,40697,6.78591
cf629228e69ab5f293c8c30459175cccac150e85ec84539bfd8d5dc27540cf1a,56ab92f31c63b342e524772e52db2f544c639d6e4bcc0ce661f062ed31738024,OPTIMAL,2972.04,3369,2442,927,37121,8,1320,25163,4.09745
cf93115a0bf38977ba3f8e8bc9ea9378389b50f513ebde8f4d5660d6158ee1ad,fadf9341e734c7807e8d86051974b880b382afc02505113658a5a3965eda0f3c,OPTIMAL,2736.12,2711,1924,787,30264,8,931,17958,1.97305
cfb91dee56a02f4826b9ee3cdda17de95706a33d8d5e844946a2316281641585,56ab92f31c63b342e524772e52db2f544c639d6e4bcc0ce661f062ed31738024,OPTIMAL,377.333,1313,869,444,14497,8,1116,25101,0.418748
cfe62c4328920f71a44857714728227a3db0ab8e2b1535406ef09b4b6c841719,56ab92f31c63b342e524772e52db2f544c639d6e4bcc0ce661f062ed31738024,OPTIMAL,636.406,1856,1264,592,20564,8,316,9914,0.898867
d000926320c493a1b1062c0f4f5e690e07761f43709e4362c20c25558d5cb175,56ab92f31c63b342e524772e52db2f544c639d6e4bcc0ce661f062ed31738024,OPTIMAL,1605.55,2346,1548,798,27031,8,335,15513,2.20673
d011c7fba6d3d11fa56d0962808f364fe43c519590a2c0b0c5d4b9d4000c971f,fadf9341e734c7807e8d86051974b880b382afc02505113658a5a3965eda0f3c,OPTIMAL,15126.3,8588,6402,2186,94632,8,6826,86123,24.2877
d08d3590e759b910bf4e5c31c39dd187ad6ca894a5da5c26f0e2343ffe9223c5,56ab92f31c63b342e524772e52db2f544c639d6e4bcc0ce661f062ed31738024,OPTIMAL,1772.15,2730,1938,792,30076,8,1612,16281,2.54555
d0cb084bf73c6a8bf5cd88cfb595b6f89b05a25e54817adec872eb5b699f83c6,56ab92f31c63b342e524772e52db2f544c639d6e4bcc0ce661f062ed31738024,OPTIMAL,3731.05,4815,3334,1481,56174,8,1819,62821,8.34385
d1b2c9992efda91256f54b5da850272632e2cd7a46cab2a4e81f74cedf156620,5df8f0e757df0723112604075d205601310374d953777709be4c1ef611f244bd,OPTIMAL,5355.17,3313,2177,1136,40187,8,937,35168,4.77691
d28acbdfd6c0f8dc93e215ce1a2fc55b369d63cd6b94efdbfaad6045b6f882ea,56ab92f31c63b342e524772e52db2f544c639d6e4bcc0ce661f062ed31738024,OPTIMAL,974.173,1847,1257,590,20644,8,1010,13357,1.26936
d2bf66ca178e3511de17fd1d1baee9bdf66ca21ecd831f227837ce9271dd99b4,56ab92f31c63b342e524772e52db2f544c639d6e4bcc0ce661f062ed31738024,OPTIMAL,241828,17058,13335,3723,190797,8,113751,616288,753.539
d3d1ba1cf734596936c45e703ae6c602900ea669015657296757813ef56804c2,5df8f0e757df0723112604075d205601310374d953777709be4c1ef611f244bd,OPTIMAL,7758.26,4820,3334,1486,59032,8,2512,61449,7.84112
d573733a5742e214054d9dcb2da9184aab7fbeb1af376b55fafb32a18244db01,fadf9341e734c7807e8d86051974b880b382afc02505113658a5a3965eda0f3c,OPTIMAL,5402.52,3732,2581,1151,43342,8,2651,84649,7.43684
d6ac13401de0afd9760e8f8853fc4fa523bc083e017c97628ace4cc6213b7630,fadf9341e734c7807e8d86051974b880b382afc02505113658a5a3965eda0f3c,OPTIMAL,2636.93,2781,1832,949,32621,8,591,23984,2.88591
d6dade98259be38e7313f9777ef831cea9573770df96f4f369515d2dfdf64892,fadf9341e734c7807e8d86051974b880b382afc02505113658a5a3965eda0f3c,OPTIMAL,4844.67,3496,2362,1134,41015,8,897,33449,6.95599
d75c887fb9536d1adc4dd996a2c83002aafd4a33c57da7f3f9ae4b1375acc563,fadf9341e734c7807e8d86051974b880b382afc02505113658a5a3965eda0f3c,OPTIMAL,6416.26,5104,3604,1500,59384,8,1981,59854,8.47782
d7df934f3b3ba0e8254473ce06758550361bdc3f1491b9f8d9053d63822f60cf,56ab92f31c63b342e524772e52db2f544c639d6e4bcc0ce661f062ed31738024,OPTIMAL,1764.03,2731,1941,790,30189,8,4158,57953,2.6842
d7e09c73e7c387ce90ed94c06031780e15353ec9e09ac3a8d2ce6cb1af0dc6f9,56ab92f31c63b342e524772e52db2f544c639d6e4bcc0ce661f062ed31738024,OPTIMAL,688.182,1860,1266,594,20658,8,517,10517,1.00223
d7f5127fbe51e0b6301e5092d44dacf3947138e0a6d52aa0820e05e552dcf8d6,5df8f0e757df0723112604075d205601310374d953777709be4c1ef611f244bd,OPTIMAL,3980.14,3372,2442,930,39222,8,1168,27661,4.24827
d8130c88625b627297a53f53c8e762e3364a3a80df8f3c156308af5f39bfd89d,5df8f0e757df0723112604075d205601310374d953777709be4c1ef611f244bd,OPTIMAL,3748.33,1850,1257,593,21650,8,531,12139,2.30902
da0d5cddd84af0e7503d69de955621895f5e4ed02463ce7b994926416ee15e90,56ab92f31c63b342e524772e52db2f544c639d6e4bcc0ce661f062ed31738024,OPTIMAL,4490.47,4107,2621,1486,49278,8,1914,57190,8.23222
da292d01044cc894931fcfb089158d65a1cd8e38a789c2f6c73be0fd81859ae3,5df8f0e757df0723112604075d205601310374d953777709be4c1ef611f244bd,OPTIMAL,11693.6,5310,3831,1479,63086,8,2652,73629,14.342
daa215241452279f6bd5d569a96d188cea9dd668a82c7db3f1463c7b4122bf78,fadf9341e734c7807e8d86051974b880b382afc02505113658a5a3965eda0f3c,OPTIMAL,1287.87,1851,1257,594,20861,8,325,10876,1.2279
dad4ea991056ab6474c77d2983ea583b7475e7b62144be92e9414819af6c453b,5df8f0e757df0723112604075d205601310374d953777709be4c1ef611f244bd,OPTIMAL,3551.33,2734,1941,793,31998,8,803,16588,3.23431
db7603182e6c01908b60a5198cc807e5d50446b92f36df74879d8cff59ededf9,56ab92f31c63b342e524772e52db2f544c639d6e4bcc0ce661f062ed31738024,OPTIMAL,1895.54,2565,1783,782,28952,8,3683,32229,2.78948
e08d820df1d9743f539badc0bc1e61665bee76c052dd71840fb75c3567894d1b,56ab92f31c63b342e524772e52db2f544c639d6e4bcc0ce661f062ed31738024,OPTIMAL,4168.07,5104,3610,1494,58108,8,1594,55705,8.38265
e0dee47cd630ceac71b5c13970dc2c1445ba7a9a780d4c8dc47ea48a94a76d13,fadf9341e734c7807e8d86051974b880b382afc02505113658a5a3965eda0f3c,OPTIMAL,3910.49,3372,2442,930,37320,8,1120,26394,3.00747
e0f3c7a20537704888438728a07497f4807978fb801fb82031069eca0220188b,56ab92f31c63b342e524772e52db2f544c639d6e4bcc0ce661f062ed31738024,OPTIMAL,3140.42,3309,2177,1132,38566,8,5606,75969,5.024
e272c0e4899bd231855a0205e36e42663a9208b44d081e1149dc37bdafe3a33d,5df8f0e757df0723112604075d205601310374d953777709be4c1ef611f244bd,OPTIMAL,11336.5,5109,3610,1499,61671,8,3325,65832,13.2456
e2b2952cbec18758e829524bf6dbc3429f6a22fa6d02d67a9a769b04e568acda,5df8f0e757df0723112604075d205601310374d953777709be4c1ef611f244bd,OPTIMAL,2894.64,1739,1149,590,20421,8,229,7101,1.82151
e2bbfb9a6518269bb6c17eb4174bdb2c455f86b24df806b2a70d3efc3cc2559b,fadf9341e734c7807e8d86051974b880b382afc02505113658a5a3965eda0f3c,OPTIMAL,16580.1,5310,3831,1479,60202,8,8747,86424,22.3038
e2cb022ee2177db3e3a7d0013600ebdd0e836478a0de3e772bf2e43758f48b4f,5df8f0e757df0723112604075d205601310374d953777709be4c1ef611f244bd,OPTIMAL,6297.97,3494,2362,1132,42717,8,797,35952,6.38374
e3f05dc6a31d4730a876f0feb1b4b2e907503a838b62458292ca91a970a07b98,56ab92f31c63b342e524772e52db2f544c639d6e4bcc0ce661f062ed31738024,OPTIMAL,2054.76,2322,1531,791,26786,8,500,14190,2.89887
e5061a18e1dccc8890efc254baf8645d165384227e9b8a2a184fa92c8a56b751,fadf9341e734c7807e8d86051974b880b382afc02505113658a5a3965eda0f3c,OPTIMAL,12804.9,5312,3831,1481,60364,8,5457,68944,14.0536
e5089b40043a2bd13c56d857868c30d39802c527a9f88960040cf46ad486d533,fadf9341e734c7807e8d86051974b880b382afc02505113658a5a3965eda0f3c,OPTIMAL,5253.12,3240,2300,940,36452,8,2043,31440,4.28569
e56d749a21bc8a639822cf600ca2b22078c1a5352377f0b84164691f615d3915,fadf9341e734c7807e8d86051974b880b382afc02505113658a5a3965eda0f3c,OPTIMAL,4887.83,4057,2930,1127,45640,8,2631,43623,7.24441
e5c9e667fbee60ca8a589904e1a7afc30c81394efd58e388a9f63470fa4ea406,5df8f0e757df0723112604075d205601310374d953777709be4c1ef611f244bd,OPTIMAL,6608.39,4054,2930,1124,47566,8,1763,39458,6.43063
e66de9b63db44a62c14bf4e342fb5e7c7c704ed8af07cafdc0b0bae1575561d2,fadf9341e734c7807e8d86051974b880b382afc02505113658a5a3965eda0f3c,OPTIMAL,1117.04,1859,1264,595,20757,8,286,9923,0.817957
e70a9ef2b4f8aaa2b009cfae1b6ce00546089bbb5aa32842f75da342b97b5c62,5df8f0e757df0723112604075d205601310374d953777709be4c1ef611f244bd,OPTIMAL,7970.52,5079,3597,1482,59796,8,2467,65020,7.82318
e848603289ccaac1aabdf4923a6c533d552120e0deb2e5a7dcc5575e4fbf4d15,56ab92f31c63b342e524772e52db2f544c639d6e4bcc0ce661f062ed31738024,OPTIMAL,1251.32,2726,1936,790,30280,8,733,15802,2.15822
e8dab90c05bca526c4ca4dacc22f9973f240d5a80273896fcca6fa45ea919bb8,fadf9341e734c7807e8d86051974b880b382afc02505113658a5a3965eda0f3c,OPTIMAL,916.404,1739,1149,590,19405,8,271,5748,0.718591
ea6187c13380778e85ba5d23d7e056bb2abb811dea32e9675213085586a23a06,fadf9341e734c7807e8d86051974b880b382afc02505113658a5a3965eda0f3c,OPTIMAL,4689630.0,20881,16450,4431,236975,8,1180208,4605661,9645.78
eae6008a7290df6b48bd01fe9114fe7c8405b73d714b28dd55a48088f412303e,56ab92f31c63b342e524772e52db2f544c639d6e4bcc0ce661f062ed31738024,OPTIMAL,2575.79,2193,1403,790,25694,8,255,13536,4.3558
ec107dc4aa7dbb1386df6da2db1f5b4dd192245085e5beee12265c82c9381edc,56ab92f31c63b342e524772e52db2f544c639d6e4bcc0ce661f062ed31738024,OPTIMAL,3548.75,3369,2442,927,37121,8,1320,25163,4.09768
ec4b042c8f9a198d1b01cca74aa2bcd5acc11f565478ec964f0ba812e5f5f5c5,fadf9341e734c7807e8d86051974b880b382afc02505113658a5a3965eda0f3c,OPTIMAL,4618.5,3732,2581,1151,43342,8,2166,52761,6.90447
ed81feb815fdb34cb44257fc30a6d9f24de2ed8fffcec1c868977a4d70d4395c,56ab92f31c63b342e524772e52db2f544c639d6e4bcc0ce661f062ed31738024,OPTIMAL,26603,10391,7751,2640,116641,8,16842,255182,88.5344
ed822dccbbfc8c02c2e04bd547202571cb79271a808d730d8742d31920e58213,56ab92f31c63b342e524772e52db2f544c639d6e4bcc0ce661f062ed31738024,OPTIMAL,1608.48,3094,2149,945,33706,8,892,22010,2.78436
ed8349c414d687ac9dd6fc5f0f2406149f5e340dbddbb010a78b646aa1dff047,56ab92f31c63b342e524772e52db2f544c639d6e4bcc0ce661f062ed31738024,OPTIMAL,3318.12,3722,2581,1141,42727,8,4463,93544,7.18218
ed8b6e9582c28720d48b5839465e62d1837c0324ea9725c4d8af71b5718e8e81,5df8f0e757df0723112604075d205601310374d953777709be4c1ef611f244bd,OPTIMAL,32383.5,8588,6402,2186,97536,8,15627,122298,43.2025
ed9224086383052b0c3c6e5d47f8be3b109682bde7c4f0606548d115a458c204,fadf9341e734c7807e8d86051974b880b382afc02505113658a5a3965eda0f3c,OPTIMAL,4562.37,4061,2932,1129,45302,8,1402,41147,5.86141
ee7841a529956537bd53bd0d06c598113f2c32871c93e105a3967b75e9f64199,5df8f0e757df0723112604075d205601310374d953777709be4c1ef611f244bd,OPTIMAL,7673.95,5109,3610,1499,61718,8,2756,52996,7.88379
eef410430ef1cdcadce5480be841daef9bd294a8d1a7a1912d559e62eee37fb3,fadf9341e734c7807e8d86051974b880b382afc02505113658a5a3965eda0f3c,OPTIMAL,1380.36,1850,1257,593,20766,8,497,11760,1.03943
ef01a35c4b42507472b9855a2a470b8020f570bb1518eb15334873fe917bf877,56ab92f31c63b342e524772e52db2f544c639d6e4bcc0ce661f062ed31738024,OPTIMAL,1974.88,2775,1832,943,32281,8,557,24512,3.10185
ef97c0560bd7e6e8d095f4f4c12bd07e9f93e382ba24f038963f8e1d82c9e5c5,56ab92f31c63b342e524772e52db2f544c639d6e4bcc0ce661f062ed31738024,OPTIMAL,1667.51,2322,1531,791,26786,8,494,13933,2.20254
f2899679b09262dca05f75c6fe70f8eca2a6daeb2bd59727c37c1b6658e24802,56ab92f31c63b342e524772e52db2f544c639d6e4bcc0ce661f062ed31738024,OPTIMAL,14595.1,8580,6402,2178,94129,8,13022,121753,48.0783
f37d6966a7d23940fbb6746e26270b8f66f95534c8caf0eda6d1a692b7f03694,5df8f0e757df0723112604075d205601310374d953777709be4c1ef611f244bd,OPTIMAL,6340.31,3524,2381,1143,43127,8,876,36477,6.44549
f38c4b16a01010ad99c30db049af26efc7fa7366d244e2d8b09c59fb44bc51f6,fadf9341e734c7807e8d86051974b880b382afc02505113658a5a3965eda0f3c,OPTIMAL,6043.44,4364,2861,1503,52449,8,1677,58474,8.10386
f44f61b4bcf0f5938c1b2e6436886c89427480ea10dc0835eb7889990b9aa4ea,fadf9341e734c7807e8d86051974b880b382afc02505113658a5a3965eda0f3c,OPTIMAL,1400.94,1863,1266,597,20821,8,365,10412,0.933528
f5931bc8ee19786a4ade31e56bdc19d415c4dbfa42da07785765944fe6748326,5df8f0e757df0723112604075d205601310374d953777709be4c1ef611f244bd,OPTIMAL,5490.98,3727,2581,1146,45243,8,1721,44355,6.24261
f7041abae337b502aa03618b1c0f40cc693acb9c0bd48efe21b41c42a7849bef,5df8f0e757df0723112604075d205601310374d953777709be4c1ef611f244bd,OPTIMAL,5229.07,3240,2300,940,38286,8,1162,27920,5.07577
f77cdd0764d8aa490133369275f4d62d71f47133f6102d90caa9a799c69ddc63,5df8f0e757df0723112604075d205601310374d953777709be4c1ef611f244bd,OPTIMAL,6273.65,4058,2932,1126,47233,8,2166,42479,6.69212
f78fe695ba9e97a63ab5ce95b254e44fa166fac58e2775b3ddf94f49ea7903cf,fadf9341e734c7807e8d86051974b880b382afc02505113658a5a3965eda0f3c,OPTIMAL,4646.35,3241,2300,941,36541,8,1577,27157,4.01477
f7bef5557bfa7900b2878f94c5cb50ef62b55ae98590c3348883692be9e0fe3e,5df8f0e757df0723112604075d205601310374d953777709be4c1ef611f244bd,OPTIMAL,11713.1,5277,3652,1625,60763,8,2608,83027,11.1826
f990df9b39aa8360f64fe986746d28d6ce1c06c5498b465aa979d3ad19016ee0,56ab92f31c63b342e524772e52db2f544c639d6e4bcc0ce661f062ed31738024,OPTIMAL,1523.17,2707,1924,783,30076,8,677,16212,2.42093
f9e4e9cdb24462a34649e1e803328a7ce8332623aa743a6197d0c69af13b02d2,56ab92f31c63b342e524772e52db2f544c639d6e4bcc0ce661f062ed31738024,OPTIMAL,668.915,1737,1149,588,19236,8,296,6114,0.713344
fa619c63ddf9ad9612bc3a615ca437be781fa0014734de2b854bf496453301ac,56ab92f31c63b342e524772e52db2f544c639d6e4bcc0ce661f062ed31738024,OPTIMAL,1364.16,1847,1257,590,20644,8,3410,21289,1.66269
fbec9f8410da7935d158884bbe39a6d2ec9ea9a9cc81656e0df797d8a91227b0,56ab92f31c63b342e524772e52db2f544c639d6e4bcc0ce661f062ed31738024,OPTIMAL,576.826,1737,1149,588,19236,8,296,6114,0.713486
fc3b0f50b62cc1d9992a8e57b9ec42ca803833d372c275e62594a21cd3424008,fadf9341e734c7807e8d86051974b880b382afc02505113658a5a3965eda0f3c,OPTIMAL,522.676,1317,869,448,14656,8,146,3462,0.308244
fdd2abfa77414b11517b8142ddf00539bd7f46bcf54d45a1c4c63054c4ad6702,fadf9341e734c7807e8d86051974b880b382afc02505113658a5a3965eda0f3c,OPTIMAL,436.964,1240,794,446,14012,8,87,4299,0.24253
fe2b12d0f0ce68302c564ec85a5cf7640583a9cf878d8ac3d467d8cab178e90e,fadf9341e734c7807e8d86051974b880b382afc02505113658a5a3965eda0f3c,OPTIMAL,3111920.0,20867,16443,4424,236494,8,632852,2956918,6244.86
fe91eb0bb912529d421e5a02bf6ae7806d24d2ed126a32040f3805cf9880ffa4,5df8f0e757df0723112604075d205601310374d953777709be4c1ef611f244bd,OPTIMAL,7010.29,4440,3147,1293,52387,8,2009,55718,6.805
ff6697b1a9d57aeb43f770c91918c33c2b88b2ed07ceea158d351ecb9e4fe8ab,5df8f0e757df0723112604075d205601310374d953777709be4c1ef611f244bd,OPTIMAL,8016.85,4117,2621,1496,52091,8,2704,66347,7.69068
ffb713809ac8c43a2c5b9cf1de5f841511eab9db95cd9bd4ac5653992f9b2b14,fadf9341e734c7807e8d86051974b880b382afc02505113658a5a3965eda0f3c,OPTIMAL,5931.36,5079,3597,1482,57828,8,1982,61712,8.19457
